1,10_f_angry_bma11.png
2,10_f_angry_bma12.png
3,10_f_angry_bma13.png
4,10_f_angry_bma14.png
5,10_f_happy_bma15.png
6,10_f_happy_bma16.png
7,10_f_happy_bma17.png
8,10_f_happy_bma18.png
9,10_f_happy_bma19.png
10,10_f_happy_bma110.png
11,10_f_happy_bma111.png
12,10_f_happy_bma112.png
13,10_f_happy_bma113.png
14,10_f_happy_bma114.png
15,10_f_happy_bma115.png
16,10_f_neutral_bma116.png
17,10_f_neutral_bma117.png
18,10_f_neutral_bma118.png
19,10_f_neutral_bma119.png
20,10_f_sad_bma120.png
21,10_f_sad_bma121.png
22,10_f_sad_bma122.png
23,10_f_surprised_bma123.png
24,10_f_surprised_bma124.png
25,10_f_surprised_bma125.png
26,10_f_surprised_bma126.png
27,10_f_surprised_bma127.png
28,10_happy_bma128.png
29,10_m_angry_bma129.png
30,10_m_angry_bma130.png
31,10_m_happy_bma131.png
32,10_m_happy_bma132.png
33,10_m_happy_bma133.png
34,10_m_happy_bma134.png
35,10_m_happy_bma135.png
36,10_m_happy_bma136.png
37,10_m_happy_bma137.png
38,10_m_happy_bma138.png
39,10_m_neutral_bma139.png
40,10_m_neutral_bma140.png
41,10_m_neutral_bma141.png
42,10_m_neutral_bma142.png
43,10_m_surprised_bma143.png
44,10_m_surprised_bma144.png
45,10_m_surprised_bma145.png
46,11_f_angry_bma146.png
47,11_f_angry_bma147.png
48,11_f_angry_bma148.png
49,11_f_happy_bma149.png
50,11_f_happy_bma150.png
51,11_f_happy_bma151.png
52,11_f_happy_bma152.png
53,11_f_happy_bma153.png
54,11_f_happy_bma154.png
55,11_f_happy_bma155.png
56,11_f_happy_bma156.png
57,11_f_neutral_bma157.png
58,11_f_neutral_bma158.png
59,11_f_neutral_bma159.png
60,11_f_neutral_bma160.png
61,11_f_sad_bma161.png
62,11_f_sad_bma162.png
63,11_f_surprised_bma163.png
64,11_f_surprised_bma164.png
65,11_f_surprised_bma165.png
66,11_f_surprised_bma166.png
67,11_m_angry_bma167.png
68,11_m_angry_bma168.png
69,11_m_happy_bma169.png
70,11_m_happy_bma170.png
71,11_m_happy_bma171.png
72,11_m_happy_bma172.png
73,11_m_happy_bma173.png
74,11_m_happy_bma174.png
75,11_m_happy_bma175.png
76,11_m_happy_bma176.png
77,11_m_happy_bma177.png
78,11_m_happy_bma178.png
79,11_m_happy_bma179.png
80,11_m_hapy_bma180.png
81,11_m_neutral_bma181.png
82,11_m_neutral_bma182.png
83,11_m_neutral_bma183.png
84,11_m_neutral_bma184.png
85,11_m_neutral_bma185.png
86,11_m_neutral_bma186.png
87,11_m_neutral_bma187.png
88,11_m_neutral_bma188.png
89,11_m_neutral_bma189.png
90,11_m_sad_bma190.png
91,11_m_sad_bma191.png
92,11_m_sad_bma192.png
93,11_m_surprised_bma193.png
94,11_m_surprised_bma194.png
95,11_m_surprised_bma195.png
96,11_m_surprised_bma196.png
97,11_m_surprised_bma197.png
98,12_f_angry_bma198.png
99,12_f_angry_bma199.png
100,12_f_angry_bma1100.png
101,12_f_happy_bma1101.png
102,12_f_happy_bma1102.png
103,12_f_happy_bma1103.png
104,12_f_happy_bma1104.png
105,12_f_happy_bma1105.png
106,12_f_happy_bma1106.png
107,12_f_happy_bma1107.png
108,12_f_happy_bma1108.png
109,12_f_happy_bma1109.png
110,12_f_happy_bma1110.png
111,12_f_happy_bma1111.png
112,12_f_happy_bma1112.png
113,12_f_neutral_bma1113.png
114,12_f_neutral_bma1114.png
115,12_f_neutral_bma1115.png
116,12_f_neutral_bma1116.png
117,12_f_neutral_bma1117.png
118,12_f_neutral_bma1118.png
119,12_f_neutral_bma_bma1119.png
120,12_f_sad_bma1120.png
121,12_f_surprised_bma1121.png
122,12_f_surprised_bma1122.png
123,12_f_surprised_bma1123.png
124,12_f_surprised_bma1124.png
125,12_f_surprised_bma1125.png
126,12_f_surprised_bma1126.png
127,12_f_surprised_bma1127.png
128,12_m_angry_bma1128.png
129,12_m_angry_bma1129.png
130,12_m_angry_bma1130.png
131,12_m_disgusted_bma1131.png
132,12_m_disgusted_bma1132.png
133,12_m_happy_bma1133.png
134,12_m_happy_bma1134.png
135,12_m_happy_bma1135.png
136,12_m_happy_bma1136.png
137,12_m_happy_bma1137.png
138,12_m_happy_bma1138.png
139,12_m_happy_bma1139.png
140,12_m_happy_bma1140.png
141,12_m_happy_bma1141.png
142,12_m_neutral_bma1142.png
143,12_m_neutral_bma1143.png
144,12_m_neutral_bma1144.png
145,12_m_neutral_bma1145.png
146,12_m_neutral_bma1146.png
147,12_m_surprised_bma1147.png
148,12_m_surprised_bma1148.png
149,12_m_surprised_bma1149.png
150,12_m_surprised_bma1150.png
151,12_m_surprised_bma1151.png
152,12_m_surprised_bma1152.png
153,12_m_surprised_bma1153.png
154,12_m_surprised_bma1154.png
155,12_m_surprised_bma1155.png
156,13_f_angry_bma1156.png
157,13_f_angry_bma1157.png
158,13_f_angry_bma1158.png
159,13_f_angry_bma1159.png
160,13_f_happy_bma1160.png
161,13_f_happy_bma1161.png
162,13_f_happy_bma1162.png
163,13_f_happy_bma1163.png
164,13_f_neutral_bma1164.png
165,13_f_neutral_bma1165.png
166,13_f_neutral_bma1166.png
167,13_f_neutral_bma1167.png
168,13_f_neutral_bma1168.png
169,13_F_neutral_bma1169.png
170,13_f_neutral_bma1170.png
171,13_f_surprised_bma1171.png
172,13_f_surprised_bma1172.png
173,13_f_surprised_bma1173.png
174,13_f_surprised_bma1174.png
175,13_f_surprised_bma1175.png
176,13_f_surprised_bma1176.png
177,13_m_angry_bma1177.png
178,13_m_disgusted_bma1178.png
179,13_m_happy_bma1179.png
180,13_m_happy_bma1180.png
181,13_m_happy_bma1181.png
182,13_m_happy_bma1182.png
183,13_m_happy_bma1183.png
184,13_m_happy_bma1184.png
185,13_m_happy_bma1185.png
186,13_m_happy_bma1186.png
187,13_m_happy_bma1187.png
188,13_m_neutral_bma1188.png
189,13_m_neutral_bma1189.png
190,13_m_neutral_bma1190.png
191,13_m_neutral_bma1191.png
192,13_m_neutral_bma1192.png
193,13_m_sad_bma1193.png
194,13_m_sad_bma1194.png
195,13_m_surprised_bma1195.png
196,13_m_surprised_bma1196.png
197,13_m_surprised_bma1197.png
198,13_m_surprised_bma1198.png
199,13_m_surprised_bma1199.png
200,13_m_surprised_bma1200.png
201,14_f_angry_bma1201.png
202,14_f_angry_bma1202.png
203,14_f_angry_bma1203.png
204,14_f_angry_bma1204.png
205,14_f_angry_bma1205.png
206,14_f_happy_bma1206.png
207,14_f_happy_bma1207.png
208,14_f_happy_bma1208.png
209,14_f_happy_bma1209.png
210,14_f_happy_bma1210.png
211,14_f_happy_bma1211.png
212,14_f_happy_bma1212.png
213,14_f_happy_bma1213.png
214,14_f_happy_bma1214.png
215,14_f_happy_bma1215.png
216,14_f_happy_bma1216.png
217,14_f_happy_bma1217.png
218,14_f_happy_bma1218.png
219,14_f_happy_bma1219.png
220,14_f_neutral_bma1220.png
221,14_f_neutral_bma1221.png
222,14_f_neutral_bma1222.png
223,14_f_neutral_bma1223.png
224,14_f_neutral_bma1224.png
225,14_f_neutral_bma1225.png
226,14_f_neutral_bma1226.png
227,14_f_sad_bma1227.png
228,14_f_sad_bma1228.png
229,14_f_sad_bma1229.png
230,14_f_sad_bma1230.png
231,14_f_sad_bma1231.png
232,14_f_surprised_bma1232.png
233,14_f_surprised_bma1233.png
234,14_f_surprised_bma1234.png
235,14_f_surprised_bma1235.png
236,14_f_surprised_bma1236.png
237,14_f_surprised_bma1237.png
238,14_f_surprised_bma1238.png
239,14_f_surprised_bma1239.png
240,14_m_happy_bma1240.png
241,14_m_happy_bma1241.png
242,14_m_happy_bma1242.png
243,14_m_happy_bma1243.png
244,14_m_happy_bma1244.png
245,14_m_happy_bma1245.png
246,14_m_neutral_bma1246.png
247,14_m_neutral_bma1247.png
248,14_m_neutral_bma1248.png
249,14_m_neutral_bma1249.png
250,14_m_neutral_bma1250.png
251,14_m_neutral_bma1251.png
252,14_m_neutral_bma1252.png
253,14_m_sad_bma1253.png
254,14_m_sad_bma1254.png
255,14_m_surprised_bma1255.png
256,14_m_surprised_bma1256.png
257,14_m_surprised_bma1257.png
258,14_m_surprised_bma1258.png
259,14_surprised_bma1259.png
260,15_f_angry_bma1260.png
261,15_f_angry_bma1261.png
262,15_f_angry_bma1262.png
263,15_f_angry_bma1263.png
264,15_f_angry_bma1264.png
265,15_f_disgusted_bma1265.png
266,15_f_disgusted_bma1266.png
267,15_f_happy_bma1267.png
268,15_f_happy_bma1268.png
269,15_f_happy_bma1269.png
270,15_f_happy_bma1270.png
271,15_f_happy_bma1271.png
272,15_f_happy_bma1272.png
273,15_f_happy_bma1273.png
274,15_f_happy_bma1274.png
275,15_f_happy_bma1275.png
276,15_f_happy_bma1276.png
277,15_f_happy_bma1277.png
278,15_f_happy_bma1278.png
279,15_f_happy_bma1279.png
280,15_f_happy_bma1280.png
281,15_f_happy_bma1281.png
282,15_f_happy_bma1282.png
283,15_f_happy_bma1283.png
284,15_f_happy_bma1284.png
285,15_f_happy_bma1285.png
286,15_f_happy_bma1286.png
287,15_f_happy_bma1287.png
288,15_f_happy_bma1288.png
289,15_f_neutral_bma1289.png
290,15_f_neutral_bma1290.png
291,15_f_neutral_bma1291.png
292,15_f_neutral_bma1292.png
293,15_f_neutral_bma1293.png
294,15_f_neutral_bma1294.png
295,15_f_neutral_bma1295.png
296,15_f_neutral_bma1296.png
297,15_f_neutral_bma1297.png
298,15_f_neutral_bma1298.png
299,15_f_neutral_bma1299.png
300,15_f_neutral_bma1300.png
301,15_f_sad_bma1301.png
302,15_f_sad_bma1302.png
303,15_f_sad_bma1303.png
304,15_f_sad_bma1304.png
305,15_f_sad_bma1305.png
306,15_f_sad_bma1306.png
307,15_f_surprised_bma1307.png
308,15_f_surprised_bma1308.png
309,15_f_surprised_bma1309.png
310,15_f_surprised_bma1310.png
311,15_f_surprised_bma1311.png
312,15_f_surprised_bma1312.png
313,15_f_surprised_bma1313.png
314,15_f_surprised_bma1314.png
315,15_f_surprised_bma1315.png
316,15_f_surprised_bma1316.png
317,15_f_surprised_bma1317.png
318,15_f_surprised_bma1318.png
319,15_m_angry_bma1319.png
320,15_m_disgusted_bma1320.png
321,15_m_happy_bma1321.png
322,15_m_happy_bma1322.png
323,15_m_happy_bma1323.png
324,15_m_happy_bma1324.png
325,15_m_happy_bma1325.png
326,15_m_neutral_bma1326.png
327,15_m_neutral_bma1327.png
328,15_m_neutral_bma1328.png
329,15_m_neutral_bma1329.png
330,15_m_neutral_bma1330.png
331,15_m_neutral_bma1331.png
332,15_m_neutral_bma1332.png
333,15_m_sad_bma1333.png
334,15_m_sad_bma1334.png
335,15_m_surprised_bma1335.png
336,15_m_surprised_bma1336.png
337,15_m_surprised_bma1337.png
338,15_m_surprised_bma1338.png
339,16_f_angry_bma1339.png
340,16_f_angry_bma1340.png
341,16_f_angry_bma1341.png
342,16_f_disgusted_bma1342.png
343,16_f_disgusted_bma1343.png
344,16_f_disgusted_bma1344.png
345,16_f_disgusted_bma1345.png
346,16_f_happy_bma1346.png
347,16_f_happy_bma1347.png
348,16_f_happy_bma1348.png
349,16_f_happy_bma1349.png
350,16_f_happy_bma1350.png
351,16_f_happy_bma1351.png
352,16_f_happy_bma1352.png
353,16_f_happy_bma1353.png
354,16_f_happy_bma1354.png
355,16_f_happy_bma1355.png
356,16_f_happy_bma1356.png
357,16_f_happy_bma1357.png
358,16_f_happy_bma1358.png
359,16_f_happy_bma1359.png
360,16_f_happy_bma1360.png
361,16_f_happy_bma1361.png
362,16_f_happy_bma1362.png
363,16_f_happy_bma1363.png
364,16_f_happy_bma1364.png
365,16_f_happy_bma1365.png
366,16_f_neutral_bma1366.png
367,16_f_neutral_bma1367.png
368,16_f_neutral_bma1368.png
369,16_f_neutral_bma1369.png
370,16_f_neutral_bma1370.png
371,16_f_neutral_bma1371.png
372,16_f_neutral_bma1372.png
373,16_f_neutral_bma1373.png
374,16_f_neutral_bma1374.png
375,16_f_neutral_bma1375.png
376,16_f_neutral_bma1376.png
377,16_f_sad_bma1377.png
378,16_f_sad_bma1378.png
379,16_f_sad_bma1379.png
380,16_f_surprised_bma1380.png
381,16_f_surprised_bma1381.png
382,16_f_surprised_bma1382.png
383,16_f_surprised_bma1383.png
384,16_f_surprised_bma1384.png
385,16_f_surprised_bma1385.png
386,16_f_surprised_bma1386.png
387,16_f_surprised_bma1387.png
388,16_m_angry_bma1388.png
389,16_m_angry_bma1389.png
390,16_m_angry_bma1390.png
391,16_m_angry_bma1391.png
392,16_m_disgusted_bma1392.png
393,16_m_disgusted_bma1393.png
394,16_m_disgusted_bma1394.png
395,16_m_disgusted_bma1395.png
396,16_m_disgusted_bma1396.png
397,16_m_disgusterd_bma1397.png
398,16_m_disgust_bma1398.png
399,16_m_happy_bma1399.png
400,16_m_happy_bma1400.png
401,16_m_happy_bma1401.png
402,16_m_happy_bma1402.png
403,16_m_happy_bma1403.png
404,16_m_happy_bma1404.png
405,16_m_happy_bma1405.png
406,16_m_happy_bma1406.png
407,16_m_happy_bma1407.png
408,16_m_happy_bma1408.png
409,16_m_happy_bma1409.png
410,16_m_happy_bma1410.png
411,16_m_happy_bma1411.png
412,16_m_happy_bma1412.png
413,16_m_happy_bma1413.png
414,16_m_happy_bma1414.png
415,16_m_happy_bma1415.png
416,16_m_neutral_bma1416.png
417,16_m_neutral_bma1417.png
418,16_m_neutral_bma1418.png
419,16_m_neutral_bma1419.png
420,16_m_neutral_bma1420.png
421,16_m_neutral_bma1421.png
422,16_m_neutral_bma1422.png
423,16_m_neutral_bma1423.png
424,16_m_neutral_bma1424.png
425,16_m_neutral_bma1425.png
426,16_m_neutral_bma1426.png
427,16_m_neutral_bma1427.png
428,16_m_neutral_bma1428.png
429,16_m_neutral_bma1429.png
430,16_m_neutral_bma1430.png
431,16_m_neutral_bma1431.png
432,16_m_neutral_bma1432.png
433,16_m_sad_bma1433.png
434,16_m_sad_bma1434.png
435,16_m_sad_bma1435.png
436,16_m_surprised_bma1436.png
437,16_m_surprised_bma1437.png
438,16_m_surprised_bma1438.png
439,16_m_surprised_bma1439.png
440,16_m_surprised_bma1440.png
441,16_m_surprised_bma1441.png
442,16_m_surprised_bma1442.png
443,16_m_surprised_bma1443.png
444,16_m_surprised_bma1444.png
445,16_neutral_bma1445.png
446,16_surprised_bma1446.png
447,17_f_angry_bma1447.png
448,17_f_angry_bma1448.png
449,17_f_angry_bma1449.png
450,17_f_angry_bma1450.png
451,17_f_happy_bma1451.png
452,17_f_happy_bma1452.png
453,17_f_happy_bma1453.png
454,17_f_happy_bma1454.png
455,17_f_happy_bma1455.png
456,17_f_happy_bma1456.png
457,17_f_happy_bma1457.png
458,17_f_happy_bma1458.png
459,17_f_happy_bma1459.png
460,17_f_happy_bma1460.png
461,17_f_happy_bma1461.png
462,17_f_happy_bma1462.png
463,17_f_happy_bma1463.png
464,17_f_happy_bma1464.png
465,17_f_happy_bma1465.png
466,17_f_happy_bma1466.png
467,17_f_happy_bma1467.png
468,17_f_happy_bma1468.png
469,17_f_happy_bma1469.png
470,17_f_happy_bma1470.png
471,17_f_happy_bma1471.png
472,17_f_happy_bma1472.png
473,17_f_happy_bma1473.png
474,17_f_happy_bma1474.png
475,17_f_happy_bma1475.png
476,17_f_happy_bma1476.png
477,17_f_neutral_bma1477.png
478,17_f_neutral_bma1478.png
479,17_f_neutral_bma1479.png
480,17_f_neutral_bma1480.png
481,17_f_neutral_bma1481.png
482,17_f_neutral_bma1482.png
483,17_f_neutral_bma1483.png
484,17_f_neutral_bma1484.png
485,17_f_neutral_bma1485.png
486,17_f_neutral_bma1486.png
487,17_f_neutral_bma1487.png
488,17_f_neutral_bma1488.png
489,17_f_neutral_bma1489.png
490,17_f_neutral_bma1490.png
491,17_f_neutral_bma1491.png
492,17_f_sad_bma1492.png
493,17_f_sad_bma1493.png
494,17_f_sad_bma1494.png
495,17_f_surprised_bma1495.png
496,17_f_surprised_bma1496.png
497,17_f_surprised_bma1497.png
498,17_f_surprised_bma1498.png
499,17_f_surprised_bma1499.png
500,17_f_surprised_bma1500.png
501,17_f_surprised_bma1501.png
502,17_f_surprised_bma1502.png
503,17_f_surprised_bma1503.png
504,17_m_angry_bma1504.png
505,17_m_angry_bma1505.png
506,17_m_angry_bma1506.png
507,17_m_angry_bma1507.png
508,17_m_angry_bma1508.png
509,17_m_happy_bma1509.png
510,17_m_happy_bma1510.png
511,17_m_happy_bma1511.png
512,17_m_happy_bma1512.png
513,17_m_happy_bma1513.png
514,17_m_happy_bma1514.png
515,17_m_happy_bma1515.png
516,17_m_happy_bma1516.png
517,17_m_happy_bma1517.png
518,17_m_happy_bma1518.png
519,17_m_happy_bma1519.png
520,17_m_happy_bma1520.png
521,17_m_happy_bma1521.png
522,17_m_happy_bma1522.png
523,17_m_happy_bma1523.png
524,17_m_happy_bma1524.png
525,17_m_happy_bma1525.png
526,17_m_happy_bma1526.png
527,17_m_hapy_bma1527.png
528,17_m_neutral_bma1528.png
529,17_m_neutral_bma1529.png
530,17_m_neutral_bma1530.png
531,17_m_neutral_bma1531.png
532,17_m_neutral_bma1532.png
533,17_m_neutral_bma1533.png
534,17_m_neutral_bma1534.png
535,17_m_neutral_bma1535.png
536,17_m_neutral_bma1536.png
537,17_m_neutral_bma1537.png
538,17_m_neutral_bma1538.png
539,17_m_neutral_bma1539.png
540,17_m_neutral_bma1540.png
541,17_m_neutral_bma1541.png
542,17_m_neutral_bma1542.png
543,17_m_neutral_bma1543.png
544,17_m_sad_bma1544.png
545,17_m_sad_bma1545.png
546,17_m_sad_bma1546.png
547,17_m_sad_bma1547.png
548,17_m_surprised_bma1548.png
549,17_m_surprised_bma1549.png
550,17_m_surprised_bma1550.png
551,17_m_surprised_bma1551.png
552,17_m_surprised_bma1552.png
553,17_m_surprised_bma1553.png
554,17_m_surprised_bma1554.png
555,17_m_surprised_bma1555.png
556,17_m_surprised_bma1556.png
557,18_f_angry_bma1557.png
558,18_f_angry_bma1558.png
559,18_f_happy_bma1559.png
560,18_f_happy_bma1560.png
561,18_f_happy_bma1561.png
562,18_f_happy_bma1562.png
563,18_f_happy_bma1563.png
564,18_f_happy_bma1564.png
565,18_f_happy_bma1565.png
566,18_f_happy_bma1566.png
567,18_f_happy_bma1567.png
568,18_f_happy_bma1568.png
569,18_f_happy_bma1569.png
570,18_f_happy_bma1570.png
571,18_f_happy_bma1571.png
572,18_f_happy_bma1572.png
573,18_f_neutral_bma1573.png
574,18_f_neutral_bma1574.png
575,18_f_neutral_bma1575.png
576,18_f_neutral_bma1576.png
577,18_f_neutral_bma1577.png
578,18_f_neutral_bma1578.png
579,18_f_neutral_bma1579.png
580,18_f_neutral_bma1580.png
581,18_f_sad_bma1581.png
582,18_f_sad_bma1582.png
583,18_f_sad_bma1583.png
584,18_f_scared_bma1584.png
585,18_f_surprised_bma1585.png
586,18_m_angry_bma1586.png
587,18_m_angry_bma1587.png
588,18_m_angry_bma1588.png
589,18_m_angry_bma1589.png
590,18_m_disgusted_bma1590.png
591,18_m_happy_bma1591.png
592,18_m_happy_bma1592.png
593,18_m_happy_bma1593.png
594,18_m_happy_bma1594.png
595,18_m_happy_bma1595.png
596,18_m_happy_bma1596.png
597,18_m_happy_bma1597.png
598,18_m_happy_bma1598.png
599,18_m_happy_bma1599.png
600,18_m_happy_bma1600.png
601,18_m_happy_bma1601.png
602,18_m_happy_bma1602.png
603,18_m_happy_bma1603.png
604,18_m_happy_bma1604.png
605,18_m_happy_bma1605.png
606,18_m_happy_bma1606.png
607,18_m_happy_bma1607.png
608,18_m_happy_bma1608.png
609,18_m_happy_bma1609.png
610,18_m_happy_bma1610.png
611,18_m_happy_bma1611.png
612,18_m_neutral_bma1612.png
613,18_m_neutral_bma1613.png
614,18_m_neutral_bma1614.png
615,18_m_neutral_bma1615.png
616,18_m_neutral_bma1616.png
617,18_m_neutral_bma1617.png
618,18_m_neutral_bma1618.png
619,18_m_neutral_bma1619.png
620,18_m_neutral_bma1620.png
621,18_m_neutral_bma1621.png
622,18_m_neutral_bma1622.png
623,18_m_sad_bma1623.png
624,18_m_sad_bma1624.png
625,18_m_sad_bma1625.png
626,18_m_scared_bma1626.png
627,18_m_surprised_bma1627.png
628,18_m_surprised_bma1628.png
629,18_m_surprised_bma1629.png
630,18_m_surprised_bma1630.png
631,18_m_surprised_bma1631.png
632,18_m_surprised_bma1632.png
633,18_m_surprised_bma1633.png
634,18_m_surprised_bma1634.png
635,18_m_surprised_bma1635.png
636,19_f_angry_bma1636.png
637,19_f_angry_bma1637.png
638,19_f_disgusted_bma1638.png
639,19_f_happy_bma1639.png
640,19_f_happy_bma1640.png
641,19_f_happy_bma1641.png
642,19_f_happy_bma1642.png
643,19_f_happy_bma1643.png
644,19_f_happy_bma1644.png
645,19_f_happy_bma1645.png
646,19_f_happy_bma1646.png
647,19_f_happy_bma1647.png
648,19_f_happy_bma1648.png
649,19_f_happy_bma1649.png
650,19_f_happy_bma1650.png
651,19_f_happy_bma1651.png
652,19_f_happy_bma1652.png
653,19_f_happy_bma1653.png
654,19_f_happy_bma1654.png
655,19_f_happy_bma1655.png
656,19_f_happy_bma1656.png
657,19_f_happy_bma1657.png
658,19_f_neutral_bma1658.png
659,19_f_neutral_bma1659.png
660,19_f_neutral_bma1660.png
661,19_f_neutral_bma1661.png
662,19_f_neutral_bma1662.png
663,19_f_neutral_bma1663.png
664,19_f_neutral_bma1664.png
665,19_f_neutral_bma1665.png
666,19_f_neutral_bma1666.png
667,19_f_neutral_bma1667.png
668,19_f_neutral_bma1668.png
669,19_f_neutral_bma1669.png
670,19_f_neutral_bma1670.png
671,19_f_neutral_bma1671.png
672,19_f_surprised_bma1672.png
673,19_f_surprised_bma1673.png
674,19_f_surprised_bma1674.png
675,19_f_surprised_bma1675.png
676,19_f_surprised_bma1676.png
677,19_f_surprised_bma1677.png
678,19_f_surprised_bma1678.png
679,19_m_angry_bma1679.png
680,19_m_angry_bma1680.png
681,19_m_angry_bma1681.png
682,19_m_angry_bma1682.png
683,19_m_angry_bma1683.png
684,19_m_angry_bma1684.png
685,19_m_disgusted_bma1685.png
686,19_m_disgusted_bma1686.png
687,19_m_disgusted_bma1687.png
688,19_m_happy_bma1688.png
689,19_m_happy_bma1689.png
690,19_m_happy_bma1690.png
691,19_m_happy_bma1691.png
692,19_m_happy_bma1692.png
693,19_m_happy_bma1693.png
694,19_m_happy_bma1694.png
695,19_m_happy_bma1695.png
696,19_m_happy_bma1696.png
697,19_m_happy_bma1697.png
698,19_m_happy_bma1698.png
699,19_m_happy_bma1699.png
700,19_m_happy_bma1700.png
701,19_m_happy_bma1701.png
702,19_m_happy_bma1702.png
703,19_m_happy_bma1703.png
704,19_m_happy_bma1704.png
705,19_m_neutral_bma1705.png
706,19_m_neutral_bma1706.png
707,19_m_neutral_bma1707.png
708,19_m_neutral_bma1708.png
709,19_m_neutral_bma1709.png
710,19_m_neutral_bma1710.png
711,19_m_neutral_bma1711.png
712,19_m_neutral_bma1712.png
713,19_m_neutral_bma1713.png
714,19_m_neutral_bma1714.png
715,19_m_neutral_bma1715.png
716,19_m_neutral_bma1716.png
717,19_m_neutral_bma1717.png
718,19_m_neutral_bma1718.png
719,19_m_neutral_bma1719.png
720,19_m_neutral_bma1720.png
721,19_m_neutral_bma1721.png
722,19_m_neutral_bma1722.png
723,19_m_neutral_bma1723.png
724,19_m_neutral_bma1724.png
725,19_m_neutral_bma1725.png
726,19_m_neutral_bma1726.png
727,19_m_neutral_bma1727.png
728,19_m_sad_bma1728.png
729,19_m_surprised_bma1729.png
730,19_m_surprised_bma1730.png
731,19_m_surprised_bma1731.png
732,19_m_surprised_bma1732.png
733,19_m_surprised_bma1733.png
734,19_m_surprised_bma1734.png
735,19_m_surprised_bma1735.png
736,19_m_surprised_bma1736.png
737,1_f_happy_bma1737.png
738,1_f_happy_bma1738.png
739,1_f_happy_bma1739.png
740,1_f_happy_bma1740.png
741,1_f_neutral_bma1741.png
742,1_f_neutral_bma1742.png
743,1_f_neutral_bma1743.png
744,1_f_neutral_bma1744.png
745,1_f_neutral_bma1745.png
746,1_f_sad_bma1746.png
747,1_f_sad_bma1747.png
748,1_f_sad_bma1748.png
749,1_f_surprised_bma1749.png
750,1_f_surprised_bma1750.png
751,1_m_angry_bma1751.png
752,1_m_angry_bma1752.png
753,1_m_happy_bma1753.png
754,1_m_happy_bma1754.png
755,1_m_happy_bma1755.png
756,1_m_happy_bma1756.png
757,1_m_happy_bma1757.png
758,1_m_happy_bma1758.png
759,1_m_happy_bma1759.png
760,1_m_happy_bma1760.png
761,1_m_happy_bma1761.png
762,1_m_happy_bma1762.png
763,1_m_happy_bma1763.png
764,1_m_happy_bma1764.png
765,1_m_happy_bma1765.png
766,1_m_neutral_bma1766.png
767,1_m_neutral_bma1767.png
768,1_m_neutral_bma1768.png
769,1_m_neutral_bma1769.png
770,1_m_neutral_bma1770.png
771,1_m_neutral_bma1771.png
772,1_m_sad_bma1772.png
773,1_m_sad_bma1773.png
774,1_m_sad_bma1774.png
775,1_m_surprised_bma1775.png
776,1_m_surprised_bma1776.png
777,1_m_surprised_bma1777.png
778,1_m_surprised_bma1778.png
779,1_m_surprised_bma1779.png
780,1_m_surprised_bma1780.png
781,20_f_angry_bma1781.png
782,20_f_angry_bma1782.png
783,20_f_angry_bma1783.png
784,20_f_disgusted_bma1784.png
785,20_f_disgusted_bma1785.png
786,20_f_disgusted_bma1786.png
787,20_f_disgust_bma1787.png
788,20_f_happy_bma1788.png
789,20_f_happy_bma1789.png
790,20_f_happy_bma1790.png
791,20_f_happy_bma1791.png
792,20_f_happy_bma1792.png
793,20_f_happy_bma1793.png
794,20_f_happy_bma1794.png
795,20_f_happy_bma1795.png
796,20_f_happy_bma1796.png
797,20_f_happy_bma1797.png
798,20_f_happy_bma1798.png
799,20_f_happy_bma1799.png
800,20_f_happy_bma1800.png
801,20_f_happy_bma1801.png
802,20_f_happy_bma1802.png
803,20_f_happy_bma1803.png
804,20_f_happy_bma1804.png
805,20_f_happy_bma1805.png
806,20_f_happy_bma1806.png
807,20_f_happy_bma1807.png
808,20_f_happy_bma1808.png
809,20_f_happy_bma1809.png
810,20_f_happy_bma1810.png
811,20_f_happy_bma1811.png
812,20_f_happy_bma1812.png
813,20_f_happy_bma1813.png
814,20_f_happy_bma1814.png
815,20_f_happy_bma1815.png
816,20_f_happy_bma1816.png
817,20_f_happy_bma1817.png
818,20_f_happy_bma1818.png
819,20_f_neutral_bma1819.png
820,20_f_neutral_bma1820.png
821,20_f_neutral_bma1821.png
822,20_f_neutral_bma1822.png
823,20_f_neutral_bma1823.png
824,20_f_neutral_bma1824.png
825,20_f_neutral_bma1825.png
826,20_f_neutral_bma1826.png
827,20_f_neutral_bma1827.png
828,20_f_neutral_bma1828.png
829,20_f_neutral_bma1829.png
830,20_f_neutral_bma1830.png
831,20_f_neutral_bma1831.png
832,20_f_neutral_bma1832.png
833,20_f_neutral_bma1833.png
834,20_f_neutral_bma1834.png
835,20_f_sad_bma1835.png
836,20_f_sad_bma1836.png
837,20_f_sad_bma1837.png
838,20_f_sad_bma1838.png
839,20_f_surprised_bma1839.png
840,20_f_surprised_bma1840.png
841,20_f_surprised_bma1841.png
842,20_f_surprised_bma1842.png
843,20_f_surprised_bma1843.png
844,20_f_surprised_bma1844.png
845,20_f_surprised_bma1845.png
846,20_f_surprised_bma1846.png
847,20_f_surprised_bma1847.png
848,20_f_surprised_bma1848.png
849,20_f_surprised_bma1849.png
850,20_f_surprised_bma1850.png
851,20_f_surprised_bma1851.png
852,20_f_surprised_bma1852.png
853,20_m_happy_bma1853.png
854,20_m_happy_bma1854.png
855,20_m_happy_bma1855.png
856,20_m_happy_bma1856.png
857,20_m_happy_bma1857.png
858,20_m_happy_bma1858.png
859,20_m_happy_bma1859.png
860,20_m_happy_bma1860.png
861,20_m_happy_bma1861.png
862,20_m_happy_bma1862.png
863,20_m_happy_bma1863.png
864,20_m_neutral_bma1864.png
865,20_m_neutral_bma1865.png
866,20_m_neutral_bma1866.png
867,20_m_neutral_bma1867.png
868,20_m_neutral_bma1868.png
869,20_m_neutral_bma1869.png
870,20_m_neutral_bma1870.png
871,20_m_neutral_bma1871.png
872,20_m_neutral_bma1872.png
873,20_m_neutral_bma1873.png
874,20_m_neutral_bma1874.png
875,20_m_surprised_bma1875.png
876,21_f_angry_bma1876.png
877,21_f_angry_bma1877.png
878,21_f_happy_bma1878.png
879,21_f_happy_bma1879.png
880,21_f_happy_bma1880.png
881,21_f_happy_bma1881.png
882,21_f_happy_bma1882.png
883,21_f_happy_bma1883.png
884,21_f_happy_bma1884.png
885,21_f_happy_bma1885.png
886,21_f_happy_bma1886.png
887,21_f_happy_bma1887.png
888,21_f_happy_bma1888.png
889,21_f_happy_bma1889.png
890,21_f_happy_bma1890.png
891,21_f_happy_bma1891.png
892,21_f_happy_bma1892.png
893,21_f_happy_bma1893.png
894,21_f_happy_bma1894.png
895,21_f_happy_bma1895.png
896,21_f_happy_bma1896.png
897,21_f_happy_bma1897.png
898,21_f_happy_bma1898.png
899,21_f_happy_bma1899.png
900,21_f_happy_bma1900.png
901,21_f_neutral_bma1901.png
902,21_f_neutral_bma1902.png
903,21_f_neutral_bma1903.png
904,21_f_neutral_bma1904.png
905,21_f_neutral_bma1905.png
906,21_f_neutral_bma1906.png
907,21_f_neutral_bma1907.png
908,21_f_neutral_bma1908.png
909,21_f_neutral_bma1909.png
910,21_f_neutral_bma1910.png
911,21_f_neutral_bma1911.png
912,21_f_neutral_bma1912.png
913,21_f_neutral_bma1913.png
914,21_f_neutral_bma1914.png
915,21_f_sad_bma1915.png
916,21_f_sad_bma1916.png
917,21_f_sad_bma1917.png
918,21_f_sad_bma1918.png
919,21_f_sad_bma1919.png
920,21_f_surprised_bma1920.png
921,21_f_surprised_bma1921.png
922,21_f_surprised_bma1922.png
923,21_m_happy_bma1923.png
924,21_m_happy_bma1924.png
925,21_m_happy_bma1925.png
926,21_m_happy_bma1926.png
927,21_m_happy_bma1927.png
928,21_m_happy_bma1928.png
929,21_m_neutral_bma1929.png
930,21_m_neutral_bma1930.png
931,21_m_neutral_bma1931.png
932,21_m_neutral_bma1932.png
933,21_m_sad_bma1933.png
934,21_m_surprised_bma1934.png
935,21_surprised_bma1935.png
936,22_f_angry_bma1936.png
937,22_f_angry_bma1937.png
938,22_f_angry_bma1938.png
939,22_f_disgusted_bma1939.png
940,22_f_disgusterd_bma1940.png
941,22_f_happy_bma1941.png
942,22_f_happy_bma1942.png
943,22_f_happy_bma1943.png
944,22_f_happy_bma1944.png
945,22_f_happy_bma1945.png
946,22_f_happy_bma1946.png
947,22_f_happy_bma1947.png
948,22_f_happy_bma1948.png
949,22_f_happy_bma1949.png
950,22_f_happy_bma1950.png
951,22_f_happy_bma1951.png
952,22_f_happy_bma1952.png
953,22_f_happy_bma1953.png
954,22_f_happy_bma1954.png
955,22_f_happy_bma1955.png
956,22_f_happy_bma1956.png
957,22_f_happy_bma1957.png
958,22_f_happy_bma1958.png
959,22_f_happy_bma1959.png
960,22_f_happy_bma1960.png
961,22_f_happy_bma1961.png
962,22_f_happy_bma1962.png
963,22_f_happy_bma1963.png
964,22_f_happy_bma1964.png
965,22_f_neutral_bma1965.png
966,22_f_neutral_bma1966.png
967,22_f_neutral_bma1967.png
968,22_f_neutral_bma1968.png
969,22_f_neutral_bma1969.png
970,22_f_neutral_bma1970.png
971,22_f_neutral_bma1971.png
972,22_f_neutral_bma1972.png
973,22_f_neutral_bma1973.png
974,22_f_neutral_bma1974.png
975,22_f_neutral_bma1975.png
976,22_f_sad_bma1976.png
977,22_f_sad_bma1977.png
978,22_f_sad_bma1978.png
979,22_f_sad_bma1979.png
980,22_f_sad_bma1980.png
981,22_f_scared_bma1981.png
982,22_f_surprised_bma1982.png
983,22_f_surprised_bma1983.png
984,22_f_surprised_bma1984.png
985,22_f_surprised_bma1985.png
986,22_f_surprised_bma1986.png
987,22_f_surprised_bma1987.png
988,22_f_surprised_bma1988.png
989,22_m_disgusted_bma1989.png
990,22_m_happy_bma1990.png
991,22_m_happy_bma1991.png
992,22_m_happy_bma1992.png
993,22_m_happy_bma1993.png
994,22_m_happy_bma1994.png
995,22_m_happy_bma1995.png
996,22_m_happy_bma1996.png
997,22_m_happy_bma1997.png
998,22_m_happy_bma1998.png
999,22_m_happy_bma1999.png
1000,22_m_neutral_bma11000.png
1001,22_m_neutral_bma11001.png
1002,22_m_neutral_bma11002.png
1003,22_m_neutral_bma11003.png
1004,22_m_neutral_bma11004.png
1005,22_m_neutral_bma11005.png
1006,22_m_neutral_bma11006.png
1007,22_m_neutral_bma11007.png
1008,22_m_neutral_bma11008.png
1009,22_m_neutral_bma11009.png
1010,22_m_surprised_bma11010.png
1011,22_m_surprised_bma11011.png
1012,23_f_angry_bma11012.png
1013,23_f_disgusted_bma11013.png
1014,23_f_happy_bma11014.png
1015,23_f_happy_bma11015.png
1016,23_f_happy_bma11016.png
1017,23_f_happy_bma11017.png
1018,23_f_happy_bma11018.png
1019,23_f_happy_bma11019.png
1020,23_f_happy_bma11020.png
1021,23_f_happy_bma11021.png
1022,23_f_happy_bma11022.png
1023,23_f_happy_bma11023.png
1024,23_f_happy_bma11024.png
1025,23_f_happy_bma11025.png
1026,23_f_happy_bma11026.png
1027,23_f_happy_bma11027.png
1028,23_f_happy_bma11028.png
1029,23_f_happy_bma11029.png
1030,23_f_happy_bma11030.png
1031,23_f_neutral_bma11031.png
1032,23_f_neutral_bma11032.png
1033,23_f_neutral_bma11033.png
1034,23_f_neutral_bma11034.png
1035,23_f_neutral_bma11035.png
1036,23_f_neutral_bma11036.png
1037,23_f_neutral_bma11037.png
1038,23_f_neutral_bma11038.png
1039,23_f_neutral_bma11039.png
1040,23_f_neutral_bma11040.png
1041,23_f_neutral_bma11041.png
1042,23_f_neutral_bma11042.png
1043,23_f_neutral_bma11043.png
1044,23_f_neutral_bma11044.png
1045,23_f_neutral_bma11045.png
1046,23_f_neutral_bma11046.png
1047,23_f_neutral_bma11047.png
1048,23_f_sad_bma11048.png
1049,23_f_sad_bma11049.png
1050,23_f_sad_bma11050.png
1051,23_f_sad_bma11051.png
1052,23_f_scared_bma11052.png
1053,23_f_surprised_bma11053.png
1054,23_f_surprised_bma11054.png
1055,23_f_surprised_bma11055.png
1056,23_f_surprised_bma11056.png
1057,23_f_surprised_bma11057.png
1058,23_f_surprised_bma11058.png
1059,23_f_surprised_bma11059.png
1060,23_f_surprised_bma11060.png
1061,23_m_happy_bma11061.png
1062,23_m_happy_bma11062.png
1063,23_m_happy_bma11063.png
1064,23_m_neutral_bma11064.png
1065,23_m_neutral_bma11065.png
1066,23_m_neutral_bma11066.png
1067,23_m_neutral_bma11067.png
1068,23_m_neutral_bma11068.png
1069,24_f_angry_bma11069.png
1070,24_f_angry_bma11070.png
1071,24_f_disgusted_bma11071.png
1072,24_f_disgusted_bma11072.png
1073,24_f_disgusted_bma11073.png
1074,24_f_disgusted_bma11074.png
1075,24_f_disgusted_bma11075.png
1076,24_f_disgusted_bma11076.png
1077,24_f_disgusted_bma11077.png
1078,24_f_happy_bma11078.png
1079,24_f_happy_bma11079.png
1080,24_f_happy_bma11080.png
1081,24_f_happy_bma11081.png
1082,24_f_happy_bma11082.png
1083,24_f_happy_bma11083.png
1084,24_f_happy_bma11084.png
1085,24_f_happy_bma11085.png
1086,24_f_happy_bma11086.png
1087,24_f_happy_bma11087.png
1088,24_f_happy_bma11088.png
1089,24_f_happy_bma11089.png
1090,24_f_happy_bma11090.png
1091,24_f_happy_bma11091.png
1092,24_f_happy_bma11092.png
1093,24_f_happy_bma11093.png
1094,24_f_happy_bma11094.png
1095,24_f_happy_bma11095.png
1096,24_f_happy_bma11096.png
1097,24_f_happy_bma11097.png
1098,24_f_happy_bma11098.png
1099,24_f_happy_bma11099.png
1100,24_f_happy_bma11100.png
1101,24_f_neutral_bma11101.png
1102,24_f_neutral_bma11102.png
1103,24_f_neutral_bma11103.png
1104,24_f_neutral_bma11104.png
1105,24_f_neutral_bma11105.png
1106,24_f_neutral_bma11106.png
1107,24_f_neutral_bma11107.png
1108,24_f_neutral_bma11108.png
1109,24_f_neutral_bma11109.png
1110,24_f_neutral_bma11110.png
1111,24_f_neutral_bma11111.png
1112,24_f_neutral_bma11112.png
1113,24_f_neutral_bma11113.png
1114,24_f_neutral_bma11114.png
1115,24_f_neutral_bma11115.png
1116,24_f_sad_bma11116.png
1117,24_f_sad_bma11117.png
1118,24_f_sad_bma11118.png
1119,24_f_sad_bma11119.png
1120,24_f_sad_bma11120.png
1121,24_f_surprised_bma11121.png
1122,24_f_surprised_bma11122.png
1123,24_f_surprised_bma11123.png
1124,24_f_surprised_bma11124.png
1125,24_f_surprised_bma11125.png
1126,24_f_surprised_bma11126.png
1127,24_f_surprised_bma11127.png
1128,24_f_surprised_bma11128.png
1129,24_f_surprised_bma11129.png
1130,24_f_surprised_bma11130.png
1131,24_f_surprised_bma11131.png
1132,24_m_disgusted_bma11132.png
1133,24_m_happy_bma11133.png
1134,24_m_happy_bma11134.png
1135,24_m_happy_bma11135.png
1136,24_m_happy_bma11136.png
1137,24_m_happy_bma11137.png
1138,24_m_happy_bma11138.png
1139,24_m_neutral_bma11139.png
1140,24_m_neutral_bma11140.png
1141,24_m_neutral_bma11141.png
1142,24_m_neutral_bma11142.png
1143,24_m_neutral_bma11143.png
1144,24_m_neutral_bma11144.png
1145,24_m_neutral_bma11145.png
1146,24_m_neutral_bma11146.png
1147,24_m_surprised_bma11147.png
1148,25_f_disgusted_bma11148.png
1149,25_f_happy_bma11149.png
1150,25_f_happy_bma11150.png
1151,25_f_happy_bma11151.png
1152,25_f_happy_bma11152.png
1153,25_f_happy_bma11153.png
1154,25_f_happy_bma11154.png
1155,25_f_happy_bma11155.png
1156,25_f_happy_bma11156.png
1157,25_f_happy_bma11157.png
1158,25_f_happy_bma11158.png
1159,25_f_neutral_bma11159.png
1160,25_f_neutral_bma11160.png
1161,25_f_neutral_bma11161.png
1162,25_f_neutral_bma11162.png
1163,25_f_neutral_bma11163.png
1164,25_f_neutral_bma11164.png
1165,25_f_neutral_bma11165.png
1166,25_f_neutral_bma11166.png
1167,25_f_neutral_bma11167.png
1168,25_f_neutral_bma11168.png
1169,25_f_neutral_bma11169.png
1170,25_f_surprised_bma11170.png
1171,25_f_surprised_bma11171.png
1172,25_m_angry_bma11172.png
1173,25_m_angry_bma11173.png
1174,25_m_angry_bma11174.png
1175,25_m_disgusted_bma11175.png
1176,25_m_happy_bma11176.png
1177,25_m_happy_bma11177.png
1178,25_m_happy_bma11178.png
1179,25_m_happy_bma11179.png
1180,25_m_happy_bma11180.png
1181,25_m_happy_bma11181.png
1182,25_m_happy_bma11182.png
1183,25_m_neutral_bma11183.png
1184,25_m_neutral_bma11184.png
1185,25_m_neutral_bma11185.png
1186,25_m_neutral_bma11186.png
1187,25_m_neutral_bma11187.png
1188,25_m_neutral_bma11188.png
1189,25_m_neutral_bma11189.png
1190,25_m_neutral_bma11190.png
1191,25_m_neutral_bma11191.png
1192,25_m_surprised_bma11192.png
1193,25_m_surprised_bma11193.png
1194,26_f_angry_bma11194.png
1195,26_f_angry_bma11195.png
1196,26_f_disgusted_bma11196.png
1197,26_f_disgusted_bma11197.png
1198,26_f_happy_bma11198.png
1199,26_f_happy_bma11199.png
1200,26_f_happy_bma11200.png
1201,26_f_happy_bma11201.png
1202,26_f_happy_bma11202.png
1203,26_f_happy_bma11203.png
1204,26_f_happy_bma11204.png
1205,26_f_happy_bma11205.png
1206,26_f_happy_bma11206.png
1207,26_f_happy_bma11207.png
1208,26_f_happy_bma11208.png
1209,26_f_happy_bma11209.png
1210,26_f_happy_bma11210.png
1211,26_f_happy_bma11211.png
1212,26_f_happy_bma11212.png
1213,26_f_happy_bma11213.png
1214,26_f_happy_bma11214.png
1215,26_f_happy_bma11215.png
1216,26_f_happy_bma11216.png
1217,26_f_happy_bma11217.png
1218,26_f_happy_bma11218.png
1219,26_f_happy_bma11219.png
1220,26_f_happy_bma11220.png
1221,26_f_happy_bma11221.png
1222,26_f_happy_bma11222.png
1223,26_f_happy_bma11223.png
1224,26_f_neutral_bma11224.png
1225,26_f_neutral_bma11225.png
1226,26_f_neutral_bma11226.png
1227,26_f_neutral_bma11227.png
1228,26_f_neutral_bma11228.png
1229,26_f_neutral_bma11229.png
1230,26_f_neutral_bma11230.png
1231,26_f_sad_bma11231.png
1232,26_f_sad_bma11232.png
1233,26_f_surprised_bma11233.png
1234,26_f_surprised_bma11234.png
1235,26_f_surprised_bma11235.png
1236,26_f_surprised_bma11236.png
1237,26_f_surprised_bma11237.png
1238,26_f_surprised_bma11238.png
1239,26_f_surprised_bma11239.png
1240,26_f_surprised_bma11240.png
1241,26_f_surprised_bma11241.png
1242,26_f_surprised_bma11242.png
1243,26_m_angry_bma11243.png
1244,26_m_angry_bma11244.png
1245,26_m_angry_bma11245.png
1246,26_m_angry_bma11246.png
1247,26_m_disgusted_bma11247.png
1248,26_m_happy_bma11248.png
1249,26_m_happy_bma11249.png
1250,26_m_happy_bma11250.png
1251,26_m_happy_bma11251.png
1252,26_m_happy_bma11252.png
1253,26_m_happy_bma11253.png
1254,26_m_happy_bma11254.png
1255,26_m_happy_bma11255.png
1256,26_m_happy_bma11256.png
1257,26_m_happy_bma11257.png
1258,26_m_happy_bma11258.png
1259,26_m_happy_bma11259.png
1260,26_m_happy_bma11260.png
1261,26_m_happy_bma11261.png
1262,26_m_happy_bma11262.png
1263,26_m_happy_bma11263.png
1264,26_m_happy_bma11264.png
1265,26_m_happy_bma11265.png
1266,26_m_happy_bma11266.png
1267,26_m_happy_bma11267.png
1268,26_m_happy_bma11268.png
1269,26_m_happy_bma11269.png
1270,26_m_happy_bma11270.png
1271,26_m_happy_bma11271.png
1272,26_m_happy_bma11272.png
1273,26_m_happy_bma11273.png
1274,26_m_happy_bma11274.png
1275,26_m_neutral_bma11275.png
1276,26_m_neutral_bma11276.png
1277,26_m_neutral_bma11277.png
1278,26_m_neutral_bma11278.png
1279,26_m_neutral_bma11279.png
1280,26_m_neutral_bma11280.png
1281,26_m_neutral_bma11281.png
1282,26_m_neutral_bma11282.png
1283,26_m_neutral_bma11283.png
1284,26_m_neutral_bma11284.png
1285,26_m_neutral_bma11285.png
1286,26_m_neutral_bma11286.png
1287,26_m_neutral_bma11287.png
1288,26_m_neutral_bma11288.png
1289,26_m_neutral_bma11289.png
1290,26_m_neutral_bma11290.png
1291,26_m_neutral_bma11291.png
1292,26_m_neutral_bma11292.png
1293,26_m_neutral_bma11293.png
1294,26_m_neutral_bma11294.png
1295,26_m_neutral_bma11295.png
1296,26_m_neutral_bma11296.png
1297,26_m_sad_bma11297.png
1298,26_m_sad_bma11298.png
1299,26_m_sad_bma11299.png
1300,26_m_sad_bma11300.png
1301,26_m_surprised_bma11301.png
1302,26_m_surprised_bma11302.png
1303,26_m_surprised_bma11303.png
1304,26_m_surprised_bma11304.png
1305,26_m_surprised_bma11305.png
1306,26_m_surprised_bma11306.png
1307,26_m_surprised_bma11307.png
1308,26_m_surprised_bma11308.png
1309,26_m_surprised_bma11309.png
1310,26_m_surprised_bma11310.png
1311,26_m_surprised_bma11311.png
1312,26_m_surprised_bma11312.png
1313,26_m_surprised_bma11313.png
1314,27_f_disgusted_bma11314.png
1315,27_f_happy_bma11315.png
1316,27_f_happy_bma11316.png
1317,27_f_happy_bma11317.png
1318,27_f_happy_bma11318.png
1319,27_f_happy_bma11319.png
1320,27_f_happy_bma11320.png
1321,27_f_happy_bma11321.png
1322,27_f_happy_bma11322.png
1323,27_f_happy_bma11323.png
1324,27_f_happy_bma11324.png
1325,27_f_happy_bma11325.png
1326,27_f_happy_bma11326.png
1327,27_f_happy_bma11327.png
1328,27_f_happy_bma11328.png
1329,27_f_happy_bma11329.png
1330,27_f_happy_bma11330.png
1331,27_f_happy_bma11331.png
1332,27_f_happy_bma11332.png
1333,27_f_happy_bma11333.png
1334,27_f_happy_bma11334.png
1335,27_f_happy_bma11335.png
1336,27_f_happy_bma11336.png
1337,27_f_neutral_bma11337.png
1338,27_f_neutral_bma11338.png
1339,27_f_neutral_bma11339.png
1340,27_f_neutral_bma11340.png
1341,27_f_neutral_bma11341.png
1342,27_f_neutral_bma11342.png
1343,27_f_neutral_bma11343.png
1344,27_f_neutral_bma11344.png
1345,27_f_neutral_bma11345.png
1346,27_f_neutral_bma11346.png
1347,27_f_neutral_bma11347.png
1348,27_f_neutral_bma11348.png
1349,27_f_neutral_bma11349.png
1350,27_f_sad_bma11350.png
1351,27_f_sad_bma11351.png
1352,27_f_sad_bma11352.png
1353,27_f_sad_bma11353.png
1354,27_f_surprised_bma11354.png
1355,27_f_surprised_bma11355.png
1356,27_f_surprised_bma11356.png
1357,27_f_surprised_bma11357.png
1358,27_f_surprised_bma11358.png
1359,27_f_surprised_bma11359.png
1360,27_F_surprised_bma11360.png
1361,27_f_surprised_bma11361.png
1362,27_m_angry_bma11362.png
1363,27_m_angry_bma11363.png
1364,27_m_angry_bma11364.png
1365,27_m_happy_bma11365.png
1366,27_m_happy_bma11366.png
1367,27_m_happy_bma11367.png
1368,27_m_happy_bma11368.png
1369,27_m_happy_bma11369.png
1370,27_m_happy_bma11370.png
1371,27_m_neutral_bma11371.png
1372,27_m_neutral_bma11372.png
1373,27_m_neutral_bma11373.png
1374,27_m_neutral_bma11374.png
1375,27_m_neutral_bma11375.png
1376,27_m_neutral_bma11376.png
1377,27_m_neutral_bma11377.png
1378,27_m_surprised_bma11378.png
1379,27_m_surprised_bma11379.png
1380,27_m_surprised_bma11380.png
1381,27_m_surprised_bma11381.png
1382,27_m_surprised_bma11382.png
1383,27_m_surprised_bma11383.png
1384,28_f_angry_bma11384.png
1385,28_f_disgusted_bma11385.png
1386,28_f_disgusted_bma11386.png
1387,28_f_happy_bma11387.png
1388,28_f_happy_bma11388.png
1389,28_f_happy_bma11389.png
1390,28_f_happy_bma11390.png
1391,28_f_happy_bma11391.png
1392,28_f_happy_bma11392.png
1393,28_f_happy_bma11393.png
1394,28_f_happy_bma11394.png
1395,28_f_happy_bma11395.png
1396,28_f_happy_bma11396.png
1397,28_f_happy_bma11397.png
1398,28_f_happy_bma11398.png
1399,28_f_happy_bma11399.png
1400,28_f_happy_bma11400.png
1401,28_f_happy_bma11401.png
1402,28_f_happy_bma11402.png
1403,28_f_happy_bma11403.png
1404,28_f_neutral_bma11404.png
1405,28_f_neutral_bma11405.png
1406,28_f_neutral_bma11406.png
1407,28_f_neutral_bma11407.png
1408,28_f_neutral_bma11408.png
1409,28_f_neutral_bma11409.png
1410,28_f_neutral_bma11410.png
1411,28_f_neutral_bma11411.png
1412,28_f_neutral_bma11412.png
1413,28_f_neutral_bma11413.png
1414,28_f_neutral_bma11414.png
1415,28_f_sad_bma11415.png
1416,28_f_scared_bma11416.png
1417,28_f_surprised_bma11417.png
1418,28_f_surprised_bma11418.png
1419,28_f_surprised_bma11419.png
1420,28_f_surprised_bma11420.png
1421,28_f_surprised_bma11421.png
1422,28_f_surprised_bma11422.png
1423,28_f_surprised_bma11423.png
1424,28_f_surprised_bma11424.png
1425,28_f_surprised_bma11425.png
1426,28_f_surprised_bma11426.png
1427,28_m_angry_bma11427.png
1428,28_m_angry_bma11428.png
1429,28_m_angry_bma11429.png
1430,28_m_angry_bma11430.png
1431,28_m_happy_bma11431.png
1432,28_m_happy_bma11432.png
1433,28_m_happy_bma11433.png
1434,28_m_happy_bma11434.png
1435,28_m_happy_bma11435.png
1436,28_m_happy_bma11436.png
1437,28_m_happy_bma11437.png
1438,28_m_happy_bma11438.png
1439,28_m_happy_bma11439.png
1440,28_m_happy_bma11440.png
1441,28_m_happy_bma11441.png
1442,28_m_happy_bma11442.png
1443,28_m_happy_bma11443.png
1444,28_m_happy_bma11444.png
1445,28_m_happy_bma11445.png
1446,28_m_happy_bma11446.png
1447,28_m_happy_bma11447.png
1448,28_m_happy_bma11448.png
1449,28_m_happy_bma11449.png
1450,28_m_happy_bma11450.png
1451,28_m_neutral_bma11451.png
1452,28_m_neutral_bma11452.png
1453,28_m_neutral_bma11453.png
1454,28_m_neutral_bma11454.png
1455,28_m_neutral_bma11455.png
1456,28_m_neutral_bma11456.png
1457,28_m_neutral_bma11457.png
1458,28_m_neutral_bma11458.png
1459,28_m_neutral_bma11459.png
1460,28_m_neutral_bma11460.png
1461,28_m_neutral_bma11461.png
1462,28_m_neutral_bma11462.png
1463,28_m_neutral_bma11463.png
1464,28_m_neutral_bma11464.png
1465,28_m_neutral_bma11465.png
1466,28_m_neutral_bma11466.png
1467,28_m_neutral_bma11467.png
1468,28_m_neutral_bma11468.png
1469,28_m_neutral_bma11469.png
1470,28_m_neutral_bma11470.png
1471,28_m_neutral_bma11471.png
1472,28_m_neutral_bma11472.png
1473,28_m_surprised_bma11473.png
1474,28_m_surprised_bma11474.png
1475,28_m_surprised_bma11475.png
1476,28_m_surprised_bma11476.png
1477,28_m_surprised_bma11477.png
1478,28_m_surprised_bma11478.png
1479,28_m_surprised_bma11479.png
1480,28_m_surprised_bma11480.png
1481,28_m_surprised_bma11481.png
1482,28_surprised_bma11482.png
1483,29_f_angry_bma11483.png
1484,29_f_disgusted_bma11484.png
1485,29_f_happy_bma11485.png
1486,29_f_happy_bma11486.png
1487,29_f_happy_bma11487.png
1488,29_f_happy_bma11488.png
1489,29_f_happy_bma11489.png
1490,29_f_happy_bma11490.png
1491,29_f_happy_bma11491.png
1492,29_f_happy_bma11492.png
1493,29_f_happy_bma11493.png
1494,29_f_happy_bma11494.png
1495,29_f_happy_bma11495.png
1496,29_f_happy_bma11496.png
1497,29_f_happy_bma11497.png
1498,29_f_neutral_bma11498.png
1499,29_f_neutral_bma11499.png
1500,29_f_neutral_bma11500.png
1501,29_f_sad_bma11501.png
1502,29_f_sad_bma11502.png
1503,29_f_surprised_bma11503.png
1504,29_f_surprised_bma11504.png
1505,29_f_surprised_bma11505.png
1506,29_m_angry_bma11506.png
1507,29_m_angry_bma11507.png
1508,29_m_angry_bma11508.png
1509,29_m_disgusted_bma11509.png
1510,29_m_disgusted_bma11510.png
1511,29_m_disgusted_bma11511.png
1512,29_m_happy_bma11512.png
1513,29_m_happy_bma11513.png
1514,29_m_happy_bma11514.png
1515,29_m_happy_bma11515.png
1516,29_m_happy_bma11516.png
1517,29_m_happy_bma11517.png
1518,29_m_happy_bma11518.png
1519,29_m_happy_bma11519.png
1520,29_m_happy_bma11520.png
1521,29_m_happy_bma11521.png
1522,29_m_happy_bma11522.png
1523,29_m_neutral_bma11523.png
1524,29_m_neutral_bma11524.png
1525,29_m_neutral_bma11525.png
1526,29_m_neutral_bma11526.png
1527,29_m_neutral_bma11527.png
1528,29_m_neutral_bma11528.png
1529,29_m_neutral_bma11529.png
1530,29_m_neutral_bma11530.png
1531,29_m_neutral_bma11531.png
1532,29_m_neutral_bma11532.png
1533,29_m_neutral_bma11533.png
1534,29_m_neutral_bma11534.png
1535,29_m_neutral_bma11535.png
1536,29_m_neutral_bma11536.png
1537,29_m_neutral_bma11537.png
1538,29_m_neutral_bma11538.png
1539,29_m_neutral_bma11539.png
1540,29_m_neutral_bma11540.png
1541,29_m_neutral_bma11541.png
1542,29_m_neutral_bma11542.png
1543,29_m_sad_bma11543.png
1544,29_m_surprised_bma11544.png
1545,29_m_surprised_bma11545.png
1546,29_m_surprised_bma11546.png
1547,29_m_surprised_bma11547.png
1548,29_m_surprised_bma11548.png
1549,29_m_surprised_bma11549.png
1550,29_m_surprised_bma11550.png
1551,29_m_surprised_bma11551.png
1552,29_m_surprised_bma11552.png
1553,2_f_happy_bma11553.png
1554,2_f_happy_bma11554.png
1555,2_f_happy_bma11555.png
1556,2_f_happy_bma11556.png
1557,2_f_happy_bma11557.png
1558,2_f_happy_bma11558.png
1559,2_f_happy_bma11559.png
1560,2_f_happy_bma11560.png
1561,2_f_happy_bma11561.png
1562,2_f_happy_bma11562.png
1563,2_f_happy_bma11563.png
1564,2_f_neutral_bma11564.png
1565,2_f_neutral_bma11565.png
1566,2_f_neutral_bma11566.png
1567,2_f_neutral_bma11567.png
1568,2_f_neutral_bma11568.png
1569,2_f_neutral_bma11569.png
1570,2_f_neutral_bma11570.png
1571,2_f_sad_bma11571.png
1572,2_f_surprised_bma11572.png
1573,2_m_happy_bma11573.png
1574,2_m_happy_bma11574.png
1575,2_m_happy_bma11575.png
1576,2_m_happy_bma11576.png
1577,2_m_happy_bma11577.png
1578,2_m_happy_bma11578.png
1579,2_m_neutral_bma11579.png
1580,2_m_neutral_bma11580.png
1581,2_m_neutral_bma11581.png
1582,2_m_neutral_bma11582.png
1583,2_m_sad_bma11583.png
1584,2_m_surprised_bma11584.png
1585,2_m_surprised_bma11585.png
1586,2_m_surprised_bma11586.png
1587,30_f_angry_bma11587.png
1588,30_f_angry_bma11588.png
1589,30_f_angry_bma11589.png
1590,30_f_angry_bma11590.png
1591,30_f_bma11591.png
1592,30_f_disgusted_bma11592.png
1593,30_f_happy_bma11593.png
1594,30_f_happy_bma11594.png
1595,30_f_happy_bma11595.png
1596,30_f_happy_bma11596.png
1597,30_f_happy_bma11597.png
1598,30_f_happy_bma11598.png
1599,30_f_happy_bma11599.png
1600,30_f_happy_bma11600.png
1601,30_f_happy_bma11601.png
1602,30_f_happy_bma11602.png
1603,30_f_happy_bma11603.png
1604,30_f_happy_bma11604.png
1605,30_f_happy_bma11605.png
1606,30_f_happy_bma11606.png
1607,30_f_happy_bma11607.png
1608,30_f_neutral_bma11608.png
1609,30_f_neutral_bma11609.png
1610,30_f_neutral_bma11610.png
1611,30_f_neutral_bma11611.png
1612,30_f_neutral_bma11612.png
1613,30_f_neutral_bma11613.png
1614,30_f_neutral_bma11614.png
1615,30_f_neutral_bma11615.png
1616,30_f_neutral_bma11616.png
1617,30_f_neutral_bma11617.png
1618,30_f_sad_bma11618.png
1619,30_f_sad_bma11619.png
1620,30_f_sad_bma11620.png
1621,30_f_sad_bma11621.png
1622,30_f_sad_bma11622.png
1623,30_f_surprised_bma11623.png
1624,30_f_surprised_bma11624.png
1625,30_f_surprised_bma11625.png
1626,30_f_surprised_bma11626.png
1627,30_f_surprised_bma11627.png
1628,30_m_angry_bma11628.png
1629,30_m_angry_bma11629.png
1630,30_m_happy_bma11630.png
1631,30_m_happy_bma11631.png
1632,30_m_happy_bma11632.png
1633,30_m_happy_bma11633.png
1634,30_m_happy_bma11634.png
1635,30_m_happy_bma11635.png
1636,30_m_neutral_bma11636.png
1637,30_m_neutral_bma11637.png
1638,30_m_neutral_bma11638.png
1639,30_m_neutral_bma11639.png
1640,30_m_neutral_bma11640.png
1641,30_m_neutral_bma11641.png
1642,30_m_sad_bma11642.png
1643,30_m_scared_bma11643.png
1644,30_m_surprised_bma11644.png
1645,30_m_surprised_bma11645.png
1646,30_m_surprised_bma11646.png
1647,31_f_angry_bma11647.png
1648,31_f_happy_bma11648.png
1649,31_f_happy_bma11649.png
1650,31_f_happy_bma11650.png
1651,31_f_happy_bma11651.png
1652,31_f_happy_bma11652.png
1653,31_f_happy_bma11653.png
1654,31_f_happy_bma11654.png
1655,31_f_neutral_bma11655.png
1656,31_f_neutral_bma11656.png
1657,31_f_neutral_bma11657.png
1658,31_f_neutral_bma11658.png
1659,31_f_sad_bma11659.png
1660,31_f_scared_bma11660.png
1661,31_f_surprised_bma11661.png
1662,31_f_surprised_bma11662.png
1663,31_f_surprised_bma11663.png
1664,31_f_surprised_bma11664.png
1665,31_f_surprised_bma11665.png
1666,31_m_angry_bma11666.png
1667,31_m_angry_bma11667.png
1668,31_m_angry_bma11668.png
1669,31_m_happy_bma11669.png
1670,31_m_happy_bma11670.png
1671,31_m_happy_bma11671.png
1672,31_m_happy_bma11672.png
1673,31_m_happy_bma11673.png
1674,31_m_happy_bma11674.png
1675,31_m_happy_bma11675.png
1676,31_m_happy_bma11676.png
1677,31_m_neutral_bma11677.png
1678,31_m_neutral_bma11678.png
1679,31_m_neutral_bma11679.png
1680,31_m_neutral_bma11680.png
1681,31_m_sad_bma11681.png
1682,31_m_sad_bma11682.png
1683,31_m_surprised_bma11683.png
1684,31_m_surprised_bma11684.png
1685,31_m_surprised_bma11685.png
1686,31_m_surprised_bma11686.png
1687,31_m_surprised_bma11687.png
1688,31_m_surprised_bma11688.png
1689,31_m_surprised_bma11689.png
1690,31_m_surprised_bma11690.png
1691,32_f_angry_bma11691.png
1692,32_f_angry_bma11692.png
1693,32_f_angry_bma11693.png
1694,32_f_disgusted_bma11694.png
1695,32_f_disgusted_bma11695.png
1696,32_f_happy_bma11696.png
1697,32_f_happy_bma11697.png
1698,32_f_happy_bma11698.png
1699,32_f_happy_bma11699.png
1700,32_f_happy_bma11700.png
1701,32_f_happy_bma11701.png
1702,32_f_happy_bma11702.png
1703,32_f_happy_bma11703.png
1704,32_f_neutral_bma11704.png
1705,32_f_neutral_bma11705.png
1706,32_f_neutral_bma11706.png
1707,32_f_neutral_bma11707.png
1708,32_f_neutral_bma11708.png
1709,32_f_neutral_bma11709.png
1710,32_f_neutral_bma11710.png
1711,32_f_neutral_bma11711.png
1712,32_f_neutral_bma11712.png
1713,32_f_neutral_bma11713.png
1714,32_f_sad_bma11714.png
1715,32_f_sad_bma11715.png
1716,32_f_sad_bma11716.png
1717,32_f_surprised_bma11717.png
1718,32_f_surprised_bma11718.png
1719,32_f_surprised_bma11719.png
1720,32_m_angry_bma11720.png
1721,32_m_disgusted_bma11721.png
1722,32_m_disgusted_bma11722.png
1723,32_m_happy_bma11723.png
1724,32_m_happy_bma11724.png
1725,32_m_happy_bma11725.png
1726,32_m_happy_bma11726.png
1727,32_m_happy_bma11727.png
1728,32_m_happy_bma11728.png
1729,32_m_happy_bma11729.png
1730,32_m_happy_bma11730.png
1731,32_m_happy_bma11731.png
1732,32_m_happy_bma11732.png
1733,32_m_neutral_bma11733.png
1734,32_m_neutral_bma11734.png
1735,32_m_neutral_bma11735.png
1736,32_m_neutral_bma11736.png
1737,32_m_neutral_bma11737.png
1738,32_m_neutral_bma11738.png
1739,32_m_neutral_bma11739.png
1740,32_m_sad_bma11740.png
1741,32_m_surprised_bma11741.png
1742,32_m_surprised_bma11742.png
1743,32_m_surprised_bma11743.png
1744,33_f_angry_bma11744.png
1745,33_f_disgusted_bma11745.png
1746,33_f_disgusted_bma11746.png
1747,33_f_happy_bma11747.png
1748,33_f_happy_bma11748.png
1749,33_f_happy_bma11749.png
1750,33_f_happy_bma11750.png
1751,33_f_happy_bma11751.png
1752,33_f_happy_bma11752.png
1753,33_f_happy_bma11753.png
1754,33_f_happy_bma11754.png
1755,33_f_neutral_bma11755.png
1756,33_f_neutral_bma11756.png
1757,33_f_neutral_bma11757.png
1758,33_f_neutral_bma11758.png
1759,33_f_neutral_bma11759.png
1760,33_f_sad_bma11760.png
1761,33_f_sad_bma11761.png
1762,33_f_surprised_bma11762.png
1763,33_f_surprised_bma11763.png
1764,33_f_surprised_bma11764.png
1765,33_f_surprised_bma11765.png
1766,33_f_surprised_bma11766.png
1767,33_m_angry_bma11767.png
1768,33_m_disgusted_bma11768.png
1769,33_m_happy_bma11769.png
1770,33_m_happy_bma11770.png
1771,33_m_happy_bma11771.png
1772,33_m_neutral_bma11772.png
1773,33_m_neutral_bma11773.png
1774,33_m_neutral_bma11774.png
1775,33_m_neutral_bma11775.png
1776,33_m_neutral_bma11776.png
1777,33_m_surprised_bma11777.png
1778,33_m_surprised_bma11778.png
1779,33_m_surprised_bma11779.png
1780,34_f_angry_bma11780.png
1781,34_f_angry_bma11781.png
1782,34_f_disgusted_bma11782.png
1783,34_f_disgusted_bma11783.png
1784,34_f_happy_bma11784.png
1785,34_f_happy_bma11785.png
1786,34_f_happy_bma11786.png
1787,34_f_happy_bma11787.png
1788,34_f_happy_bma11788.png
1789,34_f_happy_bma11789.png
1790,34_f_happy_bma11790.png
1791,34_f_happy_bma11791.png
1792,34_f_neutral_bma11792.png
1793,34_f_neutral_bma11793.png
1794,34_f_neutral_bma11794.png
1795,34_f_neutral_bma11795.png
1796,34_f_neutral_bma11796.png
1797,34_f_neutral_bma11797.png
1798,34_f_neutral_bma11798.png
1799,34_f_sad_bma11799.png
1800,34_f_surprised_bma11800.png
1801,34_f_surprised_bma11801.png
1802,34_f_surprised_bma11802.png
1803,34_f_surprised_bma11803.png
1804,34_f_surprised_bma11804.png
1805,34_f_surprised_bma11805.png
1806,34_f_surprised_bma11806.png
1807,34_m_disgusted_bma11807.png
1808,34_m_happy_bma11808.png
1809,34_m_happy_bma11809.png
1810,34_m_happy_bma11810.png
1811,34_m_happy_bma11811.png
1812,34_m_happy_bma11812.png
1813,34_m_neutral_bma11813.png
1814,34_m_neutral_bma11814.png
1815,34_m_neutral_bma11815.png
1816,34_m_neutral_bma11816.png
1817,34_m_neutral_bma11817.png
1818,34_m_neutral_bma11818.png
1819,34_m_sad_bma11819.png
1820,34_m_surprised_bma11820.png
1821,34_m_surprised_bma11821.png
1822,35_f_angry_bma11822.png
1823,35_f_disgusted_bma11823.png
1824,35_f_happy_bma11824.png
1825,35_f_happy_bma11825.png
1826,35_f_happy_bma11826.png
1827,35_f_neutral_bma11827.png
1828,35_f_neutral_bma11828.png
1829,35_f_neutral_bma11829.png
1830,35_f_scared_bma11830.png
1831,35_f_surprised_bma11831.png
1832,35_f_surprised_bma11832.png
1833,35_f_surprised_bma11833.png
1834,35_m_angry_bma11834.png
1835,35_m_angry_bma11835.png
1836,35_m_disgusted_bma11836.png
1837,35_m_happy_bma11837.png
1838,35_m_happy_bma11838.png
1839,35_m_happy_bma11839.png
1840,35_m_happy_bma11840.png
1841,35_m_happy_bma11841.png
1842,35_m_happy_bma11842.png
1843,35_m_happy_bma11843.png
1844,35_m_happy_bma11844.png
1845,35_m_neutral_bma11845.png
1846,35_m_neutral_bma11846.png
1847,35_m_neutral_bma11847.png
1848,35_m_neutral_bma11848.png
1849,35_m_neutral_bma11849.png
1850,35_m_sad_bma11850.png
1851,35_m_surprised_bma11851.png
1852,35_m_surprised_bma11852.png
1853,35_m_surprised_bma11853.png
1854,35_m_surprised_bma11854.png
1855,35_m_surprised_bma11855.png
1856,36_f_angry_bma11856.png
1857,36_f_angry_bma11857.png
1858,36_f_angry_bma11858.png
1859,36_f_angry_bma11859.png
1860,36_f_happy_bma11860.png
1861,36_f_happy_bma11861.png
1862,36_f_happy_bma11862.png
1863,36_f_happy_bma11863.png
1864,36_f_happy_bma11864.png
1865,36_f_happy_bma11865.png
1866,36_f_happy_bma11866.png
1867,36_f_happy_bma11867.png
1868,36_f_happy_bma11868.png
1869,36_f_happy_bma11869.png
1870,36_f_happy_bma11870.png
1871,36_f_happy_bma11871.png
1872,36_f_happy_bma11872.png
1873,36_f_happy_bma11873.png
1874,36_f_neutral_bma11874.png
1875,36_f_neutral_bma11875.png
1876,36_f_neutral_bma11876.png
1877,36_f_neutral_bma11877.png
1878,36_f_neutral_bma11878.png
1879,36_f_neutral_bma11879.png
1880,36_f_sad_bma11880.png
1881,36_f_sad_bma11881.png
1882,36_f_scared_bma11882.png
1883,36_f_surprised_bma11883.png
1884,36_f_surprised_bma11884.png
1885,36_f_surprised_bma11885.png
1886,36_f_surprised_bma11886.png
1887,36_f_surprised_bma11887.png
1888,36_m_angry_bma11888.png
1889,36_m_angry_bma11889.png
1890,36_m_angry_bma11890.png
1891,36_m_angry_bma11891.png
1892,36_m_happy_bma11892.png
1893,36_m_happy_bma11893.png
1894,36_m_happy_bma11894.png
1895,36_m_happy_bma11895.png
1896,36_m_happy_bma11896.png
1897,36_m_happy_bma11897.png
1898,36_m_neutral_bma11898.png
1899,36_m_neutral_bma11899.png
1900,36_m_neutral_bma11900.png
1901,36_m_neutral_bma11901.png
1902,36_m_sad_bma11902.png
1903,36_m_scared_bma11903.png
1904,36_m_surprised_bma11904.png
1905,36_m_surprised_bma11905.png
1906,36_m_surprised_bma11906.png
1907,36_m_surprised_bma11907.png
1908,37_f_happy_bma11908.png
1909,37_f_happy_bma11909.png
1910,37_f_happy_bma11910.png
1911,37_f_happy_bma11911.png
1912,37_f_happy_bma11912.png
1913,37_f_happy_bma11913.png
1914,37_f_happy_bma11914.png
1915,37_f_neutral_bma11915.png
1916,37_f_neutral_bma11916.png
1917,37_f_neutral_bma11917.png
1918,37_f_sad_bma11918.png
1919,37_f_surprised_bma11919.png
1920,37_f_surprised_bma11920.png
1921,37_f_surprised_bma11921.png
1922,37_f_surprised_bma11922.png
1923,37_m_angry_bma11923.png
1924,37_m_angry_bma11924.png
1925,37_m_angry_bma11925.png
1926,37_m_happy_bma11926.png
1927,37_m_happy_bma11927.png
1928,37_m_happy_bma11928.png
1929,37_m_happy_bma11929.png
1930,37_m_happy_bma11930.png
1931,37_m_happy_bma11931.png
1932,37_m_happy_bma11932.png
1933,37_m_happy_bma11933.png
1934,37_m_neutral_bma11934.png
1935,37_m_neutral_bma11935.png
1936,37_m_neutral_bma11936.png
1937,37_m_neutral_bma11937.png
1938,37_m_neutral_bma11938.png
1939,37_m_neutral_bma11939.png
1940,37_m_neutral_bma11940.png
1941,37_m_neutral_bma11941.png
1942,37_m_sad_bma11942.png
1943,37_m_scared_bma11943.png
1944,37_m_surprised_bma11944.png
1945,37_m_surprised_bma11945.png
1946,38_f_angry_bma11946.png
1947,38_f_disgusted_bma11947.png
1948,38_f_disgusted_bma11948.png
1949,38_f_happy_bma11949.png
1950,38_f_happy_bma11950.png
1951,38_f_happy_bma11951.png
1952,38_f_happy_bma11952.png
1953,38_f_happy_bma11953.png
1954,38_f_happy_bma11954.png
1955,38_f_happy_bma11955.png
1956,38_f_happy_bma11956.png
1957,38_f_happy_bma11957.png
1958,38_f_happy_bma11958.png
1959,38_f_happy_bma11959.png
1960,38_f_neutral_bma11960.png
1961,38_f_neutral_bma11961.png
1962,38_f_neutral_bma11962.png
1963,38_f_sad_bma11963.png
1964,38_f_sad_bma11964.png
1965,38_f_scared_bma11965.png
1966,38_f_surprised_bma11966.png
1967,38_f_surprised_bma11967.png
1968,38_f_surprised_bma11968.png
1969,38_m_disgusted_bma11969.png
1970,38_m_disgusted_bma11970.png
1971,38_m_happy_bma11971.png
1972,38_m_happy_bma11972.png
1973,38_m_happy_bma11973.png
1974,38_m_happy_bma11974.png
1975,38_m_neutral_bma11975.png
1976,38_m_neutral_bma11976.png
1977,38_m_neutral_bma11977.png
1978,38_m_surprised_bma11978.png
1979,38_m_surprised_bma11979.png
1980,39_f_angry_bma11980.png
1981,39_f_happy_bma11981.png
1982,39_f_happy_bma11982.png
1983,39_f_happy_bma11983.png
1984,39_f_happy_bma11984.png
1985,39_f_happy_bma11985.png
1986,39_f_happy_bma11986.png
1987,39_f_neutral_bma11987.png
1988,39_f_neutral_bma11988.png
1989,39_f_neutral_bma11989.png
1990,39_f_neutral_bma11990.png
1991,39_f_neutral_bma11991.png
1992,39_f_surprised_bma11992.png
1993,39_f_surprised_bma11993.png
1994,39_f_surprised_bma11994.png
1995,39_f_surprised_bma11995.png
1996,39_f_surprised_bma11996.png
1997,39_f_surprised_bma11997.png
1998,39_m_angry_bma11998.png
1999,39_m_angry_bma11999.png
2000,39_m_angry_bma12000.png
2001,39_m_angry_bma12001.png
2002,39_m_disgusted_bma12002.png
2003,39_m_happy_bma12003.png
2004,39_m_happy_bma12004.png
2005,39_m_happy_bma12005.png
2006,39_m_happy_bma12006.png
2007,39_m_happy_bma12007.png
2008,39_m_neutral_bma12008.png
2009,39_m_neutral_bma12009.png
2010,39_m_neutral_bma12010.png
2011,39_m_neutral_bma12011.png
2012,39_m_neutral_bma12012.png
2013,39_m_neutral_bma12013.png
2014,39_m_neutral_bma12014.png
2015,39_m_neutral_bma12015.png
2016,39_m_sad_bma12016.png
2017,39_m_surprised_bma12017.png
2018,39_m_surprised_bma12018.png
2019,39_m_surprised_bma12019.png
2020,39_m_surprised_bma12020.png
2021,3_f_happy_bma12021.png
2022,3_f_happy_bma12022.png
2023,3_f_happy_bma12023.png
2024,3_f_happy_bma12024.png
2025,3_f_neutral_bma12025.png
2026,3_f_neutral_bma12026.png
2027,3_f_sad_bma12027.png
2028,3_m_angry_bma12028.png
2029,3_m_happy_bma12029.png
2030,3_m_happy_bma12030.png
2031,3_m_neutral_bma12031.png
2032,3_m_surprised_bma12032.png
2033,40_f_angry_bma12033.png
2034,40_f_happy_bma12034.png
2035,40_f_happy_bma12035.png
2036,40_f_happy_bma12036.png
2037,40_f_happy_bma12037.png
2038,40_f_happy_bma12038.png
2039,40_f_happy_bma12039.png
2040,40_f_happy_bma12040.png
2041,40_f_neutral_bma12041.png
2042,40_f_neutral_bma12042.png
2043,40_f_surprised_bma12043.png
2044,40_f_surprised_bma12044.png
2045,40_m_angry_bma12045.png
2046,40_m_angry_bma12046.png
2047,40_m_angry_bma12047.png
2048,40_m_angry_bma12048.png
2049,40_m_happy_bma12049.png
2050,40_m_happy_bma12050.png
2051,40_m_happy_bma12051.png
2052,40_m_happy_bma12052.png
2053,40_m_happy_bma12053.png
2054,40_m_happy_bma12054.png
2055,40_m_happy_bma12055.png
2056,40_m_happy_bma12056.png
2057,40_m_happy_bma12057.png
2058,40_m_happy_bma12058.png
2059,40_m_neutral_bma12059.png
2060,40_m_neutral_bma12060.png
2061,40_m_neutral_bma12061.png
2062,40_m_neutral_bma12062.png
2063,40_m_neutral_bma12063.png
2064,40_m_neutral_bma12064.png
2065,40_m_neutral_bma12065.png
2066,40_m_neutral_bma12066.png
2067,40_m_neutral_bma12067.png
2068,40_m_neutral_bma12068.png
2069,40_m_neutral_bma12069.png
2070,40_m_sad_bma12070.png
2071,40_m_surprised_bma12071.png
2072,40_m_surprised_bma12072.png
2073,40_m_surprised_bma12073.png
2074,41_f_angry_bma12074.png
2075,41_f_angry_bma12075.png
2076,41_f_angry_bma12076.png
2077,41_f_disgusted_bma12077.png
2078,41_f_happy_bma12078.png
2079,41_f_happy_bma12079.png
2080,41_f_happy_bma12080.png
2081,41_f_happy_bma12081.png
2082,41_f_happy_bma12082.png
2083,41_f_happy_bma12083.png
2084,41_f_happy_bma12084.png
2085,41_f_happy_bma12085.png
2086,41_f_happy_bma12086.png
2087,41_f_happy_bma12087.png
2088,41_f_happy_bma12088.png
2089,41_f_happy_bma12089.png
2090,41_f_neutral_bma12090.png
2091,41_f_neutral_bma12091.png
2092,41_f_neutral_bma12092.png
2093,41_f_neutral_bma12093.png
2094,41_f_neutral_bma12094.png
2095,41_f_neutral_bma12095.png
2096,41_f_neutral_bma12096.png
2097,41_f_sad_bma12097.png
2098,41_f_sad_bma12098.png
2099,41_f_surprised_bma12099.png
2100,41_f_surprised_bma12100.png
2101,41_f_surprised_bma12101.png
2102,41_f_surprised_bma12102.png
2103,41_f_surprised_bma12103.png
2104,41_f_surprised_bma12104.png
2105,41_f_surprised_bma12105.png
2106,41_f_surprised_bma12106.png
2107,41_f_surprised_bma12107.png
2108,41_g_neutral_bma12108.png
2109,41_m_angry_bma12109.png
2110,41_m_angry_bma12110.png
2111,41_m_disgusted_bma12111.png
2112,41_m_happy_bma12112.png
2113,41_m_happy_bma12113.png
2114,41_m_happy_bma12114.png
2115,41_m_happy_bma12115.png
2116,41_m_happy_bma12116.png
2117,41_m_happy_bma12117.png
2118,41_m_neutral_bma12118.png
2119,41_m_neutral_bma12119.png
2120,41_m_neutral_bma12120.png
2121,41_m_neutral_bma12121.png
2122,41_m_neutral_bma12122.png
2123,41_m_neutral_bma12123.png
2124,41_m_neutral_bma12124.png
2125,41_m_surprised_bma12125.png
2126,41_m_surprised_bma12126.png
2127,42_f_disgusted_bma12127.png
2128,42_f_happy_bma12128.png
2129,42_f_happy_bma12129.png
2130,42_f_happy_bma12130.png
2131,42_f_happy_bma12131.png
2132,42_f_happy_bma12132.png
2133,42_f_happy_bma12133.png
2134,42_f_happy_bma12134.png
2135,42_f_happy_bma12135.png
2136,42_f_happy_bma12136.png
2137,42_f_neutral_bma12137.png
2138,42_f_neutral_bma12138.png
2139,42_f_sad_bma12139.png
2140,42_f_sad_bma12140.png
2141,42_f_surprised_bma12141.png
2142,42_f_surprised_bma12142.png
2143,42_m_angry_bma12143.png
2144,42_m_angry_bma12144.png
2145,42_m_angry_bma12145.png
2146,42_m_angry_bma12146.png
2147,42_m_disgusted_bma12147.png
2148,42_m_happy_bma12148.png
2149,42_m_happy_bma12149.png
2150,42_m_happy_bma12150.png
2151,42_m_happy_bma12151.png
2152,42_m_happy_bma12152.png
2153,42_m_happy_bma12153.png
2154,42_m_neutral_bma12154.png
2155,42_m_neutral_bma12155.png
2156,42_m_neutral_bma12156.png
2157,42_m_neutral_bma12157.png
2158,42_m_neutral_bma12158.png
2159,42_m_neutral_bma12159.png
2160,42_m_neutral_bma12160.png
2161,42_m_neutral_bma12161.png
2162,42_m_neutral_bma12162.png
2163,42_m_sad_bma12163.png
2164,42_m_surprised_bma12164.png
2165,42_m_surprised_bma12165.png
2166,42_m_surprised_bma12166.png
2167,42_m_surprised_bma12167.png
2168,42_m_surprised_bma12168.png
2169,43_f_disgusted_bma12169.png
2170,43_f_happy_bma12170.png
2171,43_f_happy_bma12171.png
2172,43_f_happy_bma12172.png
2173,43_f_happy_bma12173.png
2174,43_f_neutral_bma12174.png
2175,43_f_surprised_bma12175.png
2176,43_f_surprised_bma12176.png
2177,43_m_angry_bma12177.png
2178,43_m_angry_bma12178.png
2179,43_m_angry_bma12179.png
2180,43_m_disgusted_bma12180.png
2181,43_m_disgusted_bma12181.png
2182,43_m_happy_bma12182.png
2183,43_m_happy_bma12183.png
2184,43_m_happy_bma12184.png
2185,43_m_happy_bma12185.png
2186,43_m_happy_bma12186.png
2187,43_m_happy_bma12187.png
2188,43_m_happy_bma12188.png
2189,43_m_neutral_bma12189.png
2190,43_m_neutral_bma12190.png
2191,43_m_neutral_bma12191.png
2192,43_m_neutral_bma12192.png
2193,43_m_neutral_bma12193.png
2194,43_m_sad_bma12194.png
2195,43_m_sad_bma12195.png
2196,43_m_sad_bma12196.png
2197,43_m_sad_bma12197.png
2198,43_m_sad_bma12198.png
2199,43_m_surprised_bma12199.png
2200,43_m_surprised_bma12200.png
2201,43_m_surprised_bma12201.png
2202,43_m_surprised_bma12202.png
2203,43_m_surprised_bma12203.png
2204,43_m_surprised_bma12204.png
2205,43_m_surprised_bma12205.png
2206,43_m_surprised_bma12206.png
2207,44_f_disgusted_bma12207.png
2208,44_f_happy_bma12208.png
2209,44_f_happy_bma12209.png
2210,44_f_happy_bma12210.png
2211,44_f_happy_bma12211.png
2212,44_f_happy_bma12212.png
2213,44_f_happy_bma12213.png
2214,44_f_happy_bma12214.png
2215,44_f_happy_bma12215.png
2216,44_f_happy_bma12216.png
2217,44_f_happy_bma12217.png
2218,44_f_neutral_bma12218.png
2219,44_f_neutral_bma12219.png
2220,44_f_neutral_bma12220.png
2221,44_f_neutral_bma12221.png
2222,44_f_neutral_bma12222.png
2223,44_f_neutral_bma12223.png
2224,44_f_sad_bma12224.png
2225,44_f_sad_bma12225.png
2226,44_F_sad_bma12226.png
2227,44_f_surprised_bma12227.png
2228,44_f_surprised_bma12228.png
2229,44_f_surprised_bma12229.png
2230,44_m_angry_bma12230.png
2231,44_m_happy_bma12231.png
2232,44_m_happy_bma12232.png
2233,44_m_happy_bma12233.png
2234,44_m_happy_bma12234.png
2235,44_m_neutral_bma12235.png
2236,44_m_neutral_bma12236.png
2237,44_m_neutral_bma12237.png
2238,44_m_sad_bma12238.png
2239,44_m_surprised_bma12239.png
2240,44_m_surprised_bma12240.png
2241,44_m_surprised_bma12241.png
2242,44_m_surprised_bma12242.png
2243,44_m_surprised_bma12243.png
2244,45_f_angry_bma12244.png
2245,45_f_disgusted_bma12245.png
2246,45_f_disgusted_bma12246.png
2247,45_f_happy_bma12247.png
2248,45_f_happy_bma12248.png
2249,45_f_happy_bma12249.png
2250,45_f_happy_bma12250.png
2251,45_f_happy_bma12251.png
2252,45_f_happy_bma12252.png
2253,45_f_happy_bma12253.png
2254,45_f_happy_bma12254.png
2255,45_f_neutral_bma12255.png
2256,45_f_neutral_bma12256.png
2257,45_f_neutral_bma12257.png
2258,45_f_sad_bma12258.png
2259,45_f_scared_bma12259.png
2260,45_f_surprised_bma12260.png
2261,45_m_angry_bma12261.png
2262,45_m_angry_bma12262.png
2263,45_m_angry_bma12263.png
2264,45_m_disgusted_bma12264.png
2265,45_m_disgusted_bma12265.png
2266,45_m_happy_bma12266.png
2267,45_m_happy_bma12267.png
2268,45_m_happy_bma12268.png
2269,45_m_happy_bma12269.png
2270,45_m_happy_bma12270.png
2271,45_m_happy_bma12271.png
2272,45_m_happy_bma12272.png
2273,45_m_happy_bma12273.png
2274,45_m_happy_bma12274.png
2275,45_m_happy_bma12275.png
2276,45_m_hapy_bma12276.png
2277,45_m_neutral_bma12277.png
2278,45_m_neutral_bma12278.png
2279,45_m_neutral_bma12279.png
2280,45_m_neutral_bma12280.png
2281,45_m_neutral_bma12281.png
2282,45_m_neutral_bma12282.png
2283,45_m_neutral_bma12283.png
2284,45_m_neutral_bma12284.png
2285,45_m_neutral_bma12285.png
2286,45_m_neutral_bma12286.png
2287,45_m_neutral_bma12287.png
2288,45_m_sad_bma12288.png
2289,45_m_surprised_bma12289.png
2290,45_m_surprised_bma12290.png
2291,45_m_surprised_bma12291.png
2292,46_f_happy_bma12292.png
2293,46_f_happy_bma12293.png
2294,46_f_happy_bma12294.png
2295,46_f_neutral_bma12295.png
2296,46_f_sad_bma12296.png
2297,46_f_surprised_bma12297.png
2298,46_f_surprised_bma12298.png
2299,46_m_angry_bma12299.png
2300,46_m_angry_bma12300.png
2301,46_m_angry_bma12301.png
2302,46_m_angry_bma12302.png
2303,46_m_disgusted_bma12303.png
2304,46_m_disgusted_bma12304.png
2305,46_m_happy_bma12305.png
2306,46_m_happy_bma12306.png
2307,46_m_happy_bma12307.png
2308,46_m_happy_bma12308.png
2309,46_m_happy_bma12309.png
2310,46_m_happy_bma12310.png
2311,46_m_happy_bma12311.png
2312,46_m_happy_bma12312.png
2313,46_m_happy_bma12313.png
2314,46_m_happy_bma12314.png
2315,46_m_happy_bma12315.png
2316,46_m_happy_bma12316.png
2317,46_m_happy_bma12317.png
2318,46_m_neutral_bma12318.png
2319,46_m_neutral_bma12319.png
2320,46_m_neutral_bma12320.png
2321,46_m_neutral_bma12321.png
2322,46_m_neutral_bma12322.png
2323,46_m_neutral_bma12323.png
2324,46_m_neutral_bma12324.png
2325,46_m_neutral_bma12325.png
2326,46_m_neutral_bma12326.png
2327,46_m_neutral_bma12327.png
2328,46_m_neutral_bma12328.png
2329,46_m_sad_bma12329.png
2330,46_m_sad_bma12330.png
2331,46_m_sad_bma12331.png
2332,46_m_sad_bma12332.png
2333,46_m_surprised_bma12333.png
2334,46_m_surprised_bma12334.png
2335,46_m_surprised_bma12335.png
2336,46_m_surprised_bma12336.png
2337,46_m_surprised_bma12337.png
2338,47_f_happy_bma12338.png
2339,47_f_happy_bma12339.png
2340,47_f_happy_bma12340.png
2341,47_f_happy_bma12341.png
2342,47_f_happy_bma12342.png
2343,47_f_happy_bma12343.png
2344,47_f_happy_bma12344.png
2345,47_f_happy_bma12345.png
2346,47_f_happy_bma12346.png
2347,47_f_happy_bma12347.png
2348,47_f_neutral_bma12348.png
2349,47_f_neutral_bma12349.png
2350,47_f_neutral_bma12350.png
2351,47_f_sad_bma12351.png
2352,47_f_surprised_bma12352.png
2353,47_f_surprised_bma12353.png
2354,47_f_surprised_bma12354.png
2355,47_m_disgusted_bma12355.png
2356,47_m_happy_bma12356.png
2357,47_m_happy_bma12357.png
2358,47_m_happy_bma12358.png
2359,47_m_happy_bma12359.png
2360,47_m_happy_bma12360.png
2361,47_m_happy_bma12361.png
2362,47_m_happy_bma12362.png
2363,47_m_happy_bma12363.png
2364,47_m_happy_bma12364.png
2365,47_m_happy_bma12365.png
2366,47_m_happy_bma12366.png
2367,47_m_neutral_bma12367.png
2368,47_m_neutral_bma12368.png
2369,47_m_neutral_bma12369.png
2370,47_m_neutral_bma12370.png
2371,47_m_neutral_bma12371.png
2372,47_m_neutral_bma12372.png
2373,47_m_neutral_bma12373.png
2374,47_m_neutral_bma12374.png
2375,47_m_sad_bma12375.png
2376,48_f_angry_bma12376.png
2377,48_f_disgusted_bma12377.png
2378,48_f_happy_bma12378.png
2379,48_f_happy_bma12379.png
2380,48_f_happy_bma12380.png
2381,48_f_happy_bma12381.png
2382,48_f_happy_bma12382.png
2383,48_f_happy_bma12383.png
2384,48_f_happy_bma12384.png
2385,48_f_happy_bma12385.png
2386,48_f_neutral_bma12386.png
2387,48_f_neutral_bma12387.png
2388,48_f_neutral_bma12388.png
2389,48_f_surprised_bma12389.png
2390,48_f_surprised_bma12390.png
2391,48_f_surprised_bma12391.png
2392,48_m_angry_bma12392.png
2393,48_m_angry_bma12393.png
2394,48_m_angry_bma12394.png
2395,48_m_disgusted_bma12395.png
2396,48_m_disgusted_bma12396.png
2397,48_m_disgusted_bma12397.png
2398,48_m_happy_bma12398.png
2399,48_m_happy_bma12399.png
2400,48_m_happy_bma12400.png
2401,48_m_happy_bma12401.png
2402,48_m_happy_bma12402.png
2403,48_m_neutral_bma12403.png
2404,48_m_neutral_bma12404.png
2405,48_m_neutral_bma12405.png
2406,48_m_neutral_bma12406.png
2407,48_m_neutral_bma12407.png
2408,48_m_neutral_bma12408.png
2409,48_m_sad_bma12409.png
2410,48_m_surprised_bma12410.png
2411,48_m_surprised_bma12411.png
2412,48_m_surprised_bma12412.png
2413,48_m_surprised_bma12413.png
2414,49_f_angry_bma12414.png
2415,49_f_angry_bma12415.png
2416,49_f_happy_bma12416.png
2417,49_f_happy_bma12417.png
2418,49_f_happy_bma12418.png
2419,49_f_happy_bma12419.png
2420,49_f_happy_bma12420.png
2421,49_f_happy_bma12421.png
2422,49_f_happy_bma12422.png
2423,49_f_happy_bma12423.png
2424,49_f_happy_bma12424.png
2425,49_f_happy_bma12425.png
2426,49_f_happy_bma12426.png
2427,49_f_happy_bma12427.png
2428,49_f_neutral_bma12428.png
2429,49_f_neutral_bma12429.png
2430,49_f_neutral_bma12430.png
2431,49_f_neutral_bma12431.png
2432,49_f_neutral_bma12432.png
2433,49_f_neutral_bma12433.png
2434,49_f_neutral_bma12434.png
2435,49_f_surprised_bma12435.png
2436,49_f_surprised_bma12436.png
2437,49_m_angry_bma12437.png
2438,49_m_angry_bma12438.png
2439,49_m_angry_bma12439.png
2440,49_m_happy_bma12440.png
2441,49_m_happy_bma12441.png
2442,49_m_happy_bma12442.png
2443,49_m_happy_bma12443.png
2444,49_m_neutral_bma12444.png
2445,49_m_neutral_bma12445.png
2446,49_m_neutral_bma12446.png
2447,49_m_neutral_bma12447.png
2448,49_m_neutral_bma12448.png
2449,49_m_neutral_bma12449.png
2450,49_m_neutral_bma12450.png
2451,49_m_neutral_bma12451.png
2452,49_m_neutral_bma12452.png
2453,49_m_sad_bma12453.png
2454,49_m_surprised_bma12454.png
2455,49_m_surprised_bma12455.png
2456,49_m_surprised_bma12456.png
2457,49_m_surprised_bma12457.png
2458,4_f_angry_bma12458.png
2459,4_f_angry_bma12459.png
2460,4_f_disgusted_bma12460.png
2461,4_f_happy_bma12461.png
2462,4_f_happy_bma12462.png
2463,4_f_happy_bma12463.png
2464,4_f_happy_bma12464.png
2465,4_f_happy_bma12465.png
2466,4_f_happy_bma12466.png
2467,4_f_happy_bma12467.png
2468,4_f_happy_bma12468.png
2469,4_f_happy_bma12469.png
2470,4_f_happy_bma12470.png
2471,4_f_happy_bma12471.png
2472,4_f_happy_bma12472.png
2473,4_f_happy_bma12473.png
2474,4_f_happy_bma12474.png
2475,4_f_happy_bma12475.png
2476,4_f_happy_bma12476.png
2477,4_f_happy_bma12477.png
2478,4_f_happy_bma12478.png
2479,4_f_happy_bma12479.png
2480,4_f_neutral_bma12480.png
2481,4_f_neutral_bma12481.png
2482,4_f_neutral_bma12482.png
2483,4_f_neutral_bma12483.png
2484,4_f_neutral_bma12484.png
2485,4_f_neutral_bma12485.png
2486,4_f_neutral_bma12486.png
2487,4_f_neutral_bma12487.png
2488,4_f_neutral_bma12488.png
2489,4_f_sad_bma12489.png
2490,4_f_sad_bma12490.png
2491,4_f_scared_bma12491.png
2492,4_f_surprised_bma12492.png
2493,4_f_surprised_bma12493.png
2494,4_f_surprised_bma12494.png
2495,4_f_surprised_bma12495.png
2496,4_f_surprised_bma12496.png
2497,4_f_surprised_bma12497.png
2498,4_m_happy_bma12498.png
2499,4_m_happy_bma12499.png
2500,4_m_happy_bma12500.png
2501,4_m_happy_bma12501.png
2502,4_m_happy_bma12502.png
2503,4_m_happy_bma12503.png
2504,4_m_happy_bma12504.png
2505,4_m_neutral_bma12505.png
2506,4_m_neutral_bma12506.png
2507,4_m_surprised_bma12507.png
2508,50_f_angry_bma12508.png
2509,50_f_angry_bma12509.png
2510,50_f_angry_bma12510.png
2511,50_f_angry_bma12511.png
2512,50_f_happy_bma12512.png
2513,50_f_happy_bma12513.png
2514,50_f_happy_bma12514.png
2515,50_f_happy_bma12515.png
2516,50_f_happy_bma12516.png
2517,50_f_happy_bma12517.png
2518,50_f_happy_bma12518.png
2519,50_f_happy_bma12519.png
2520,50_f_happy_bma12520.png
2521,50_f_happy_bma12521.png
2522,50_f_happy_bma12522.png
2523,50_f_neutral_bma12523.png
2524,50_f_neutral_bma12524.png
2525,50_f_neutral_bma12525.png
2526,50_f_neutral_bma12526.png
2527,50_f_neutral_bma12527.png
2528,50_f_neutral_bma12528.png
2529,50_f_sad_bma12529.png
2530,50_f_surprised_bma12530.png
2531,50_f_surprised_bma12531.png
2532,50_f_surprised_bma12532.png
2533,50_f_surprised_bma12533.png
2534,50_f_surprised_bma12534.png
2535,50_m_angry_bma12535.png
2536,50_m_angry_bma12536.png
2537,50_m_angry_bma12537.png
2538,50_m_happy_bma12538.png
2539,50_m_happy_bma12539.png
2540,50_m_happy_bma12540.png
2541,50_m_happy_bma12541.png
2542,50_m_happy_bma12542.png
2543,50_m_neutral_bma12543.png
2544,50_m_neutral_bma12544.png
2545,50_m_neutral_bma12545.png
2546,50_m_neutral_bma12546.png
2547,50_m_neutral_bma12547.png
2548,50_m_surprised_bma12548.png
2549,50_m_surprised_bma12549.png
2550,50_m_surprised_bma12550.png
2551,51_f_happy_bma12551.png
2552,51_f_happy_bma12552.png
2553,51_f_happy_bma12553.png
2554,51_f_happy_bma12554.png
2555,51_f_happy_bma12555.png
2556,51_f_happy_bma12556.png
2557,51_f_happy_bma12557.png
2558,51_f_neutral_bma12558.png
2559,51_f_neutral_bma12559.png
2560,51_f_neutral_bma12560.png
2561,51_f_neutral_bma12561.png
2562,51_f_neutral_bma12562.png
2563,51_f_surprised_bma12563.png
2564,51_f_surprised_bma12564.png
2565,51_m_angry_bma12565.png
2566,51_m_angry_bma12566.png
2567,51_m_angry_bma12567.png
2568,51_m_happy_bma12568.png
2569,51_m_happy_bma12569.png
2570,51_m_neutral_bma12570.png
2571,51_m_neutral_bma12571.png
2572,51_m_neutral_bma12572.png
2573,51_m_neutral_bma12573.png
2574,51_m_neutral_bma12574.png
2575,51_m_neutral_bma12575.png
2576,51_m_surprised_bma12576.png
2577,51_m_surprised_bma12577.png
2578,52_f_angry_bma12578.png
2579,52_f_happy_bma12579.png
2580,52_f_happy_bma12580.png
2581,52_f_happy_bma12581.png
2582,52_f_happy_bma12582.png
2583,52_f_happy_bma12583.png
2584,52_f_happy_bma12584.png
2585,52_f_happy_bma12585.png
2586,52_f_happy_bma12586.png
2587,52_f_happy_bma12587.png
2588,52_f_happy_bma12588.png
2589,52_f_happy_bma12589.png
2590,52_f_neutral_bma12590.png
2591,52_f_neutral_bma12591.png
2592,52_f_neutral_bma12592.png
2593,52_f_neutral_bma12593.png
2594,52_f_neutral_bma12594.png
2595,52_f_surprised_bma12595.png
2596,52_f_surprised_bma12596.png
2597,52_f_surprised_bma12597.png
2598,52_m_angry_bma12598.png
2599,52_m_angry_bma12599.png
2600,52_m_angry_bma12600.png
2601,52_m_happy_bma12601.png
2602,52_m_happy_bma12602.png
2603,52_m_happy_bma12603.png
2604,52_m_happy_bma12604.png
2605,52_m_happy_bma12605.png
2606,52_m_happy_bma12606.png
2607,52_m_neutral_bma12607.png
2608,52_m_neutral_bma12608.png
2609,52_m_surprised_bma12609.png
2610,52_m_surprised_bma12610.png
2611,52_m_surprised_bma12611.png
2612,53_f_happy_bma12612.png
2613,53_f_happy_bma12613.png
2614,53_f_happy_bma12614.png
2615,53_f_happy_bma12615.png
2616,53_f_happy_bma12616.png
2617,53_f_happy_bma12617.png
2618,53_f_happy_bma12618.png
2619,53_f_happy_bma12619.png
2620,53_f_neutral_bma12620.png
2621,53_f_neutral_bma12621.png
2622,53_f_neutral_bma12622.png
2623,53_f_neutral_bma12623.png
2624,53_f_sad_bma12624.png
2625,53_f_surprised_bma12625.png
2626,53_m_angry_bma12626.png
2627,53_m_angry_bma12627.png
2628,53_m_disgusted_bma12628.png
2629,53_m_happy_bma12629.png
2630,53_m_happy_bma12630.png
2631,53_m_happy_bma12631.png
2632,53_m_happy_bma12632.png
2633,53_m_happy_bma12633.png
2634,53_m_neutral_bma12634.png
2635,53_m_neutral_bma12635.png
2636,53_m_neutral_bma12636.png
2637,53_m_neutral_bma12637.png
2638,53_m_surprised_bma12638.png
2639,53_m_surprised_bma12639.png
2640,53_m_surprised_bma12640.png
2641,53_m_surprised_bma12641.png
2642,53_m_surprised_bma12642.png
2643,53_m_surprised_bma12643.png
2644,53_m_surprised_bma12644.png
2645,54_f_angry_bma12645.png
2646,54_f_happy_bma12646.png
2647,54_f_happy_bma12647.png
2648,54_f_happy_bma12648.png
2649,54_f_neutral_bma12649.png
2650,54_f_surprised_bma12650.png
2651,54_m_angry_bma12651.png
2652,54_m_angry_bma12652.png
2653,54_m_happy_bma12653.png
2654,54_m_happy_bma12654.png
2655,54_m_happy_bma12655.png
2656,54_m_happy_bma12656.png
2657,54_m_neutral_bma12657.png
2658,54_m_neutral_bma12658.png
2659,54_m_neutral_bma12659.png
2660,54_m_neutral_bma12660.png
2661,54_m_neutral_bma12661.png
2662,55_f_angry_bma12662.png
2663,55_f_happy_bma12663.png
2664,55_f_happy_bma12664.png
2665,55_f_happy_bma12665.png
2666,55_f_happy_bma12666.png
2667,55_f_happy_bma12667.png
2668,55_f_neutral_bma12668.png
2669,55_f_neutral_bma12669.png
2670,55_f_neutral_bma12670.png
2671,55_f_neutral_bma12671.png
2672,55_f_sad_bma12672.png
2673,55_g_happy_bma12673.png
2674,55_happy_bma12674.png
2675,55_m_angry_bma12675.png
2676,55_m_angry_bma12676.png
2677,55_m_happy_bma12677.png
2678,55_m_happy_bma12678.png
2679,55_m_happy_bma12679.png
2680,55_m_happy_bma12680.png
2681,55_m_happy_bma12681.png
2682,55_m_happy_bma12682.png
2683,55_m_neutral_bma12683.png
2684,55_m_neutral_bma12684.png
2685,55_m_sad_bma12685.png
2686,55_m_surprised_bma12686.png
2687,55_m_surprised_bma12687.png
2688,55_m_surprised_bma12688.png
2689,56_f_angry_bma12689.png
2690,56_f_angry_bma12690.png
2691,56_f_happy_bma12691.png
2692,56_f_happy_bma12692.png
2693,56_f_happy_bma12693.png
2694,56_f_happy_bma12694.png
2695,56_f_happy_bma12695.png
2696,56_f_happy_bma12696.png
2697,56_f_happy_bma12697.png
2698,56_f_neutral_bma12698.png
2699,56_f_neutral_bma12699.png
2700,56_f_neutral_bma12700.png
2701,56_f_neutral_bma12701.png
2702,56_f_surprised_bma12702.png
2703,56_f_surprised_bma12703.png
2704,56_f_surprised_bma12704.png
2705,56_f_surprised_bma12705.png
2706,56_m_angry_bma12706.png
2707,56_m_happy_bma12707.png
2708,56_m_happy_bma12708.png
2709,56_m_neutral_bma12709.png
2710,56_m_neutral_bma12710.png
2711,56_m_neutral_bma12711.png
2712,57_m_angry_bma12712.png
2713,57_m_disgusted_bma12713.png
2714,57_m_disgusted_bma12714.png
2715,57_m_happy_bma12715.png
2716,57_m_happy_bma12716.png
2717,57_m_happy_bma12717.png
2718,57_m_happy_bma12718.png
2719,57_m_happy_bma12719.png
2720,57_m_happy_bma12720.png
2721,57_m_neutral_bma12721.png
2722,57_m_neutral_bma12722.png
2723,57_m_neutral_bma12723.png
2724,57_m_surprised_bma12724.png
2725,57_m_surprised_bma12725.png
2726,58_f_happy_bma12726.png
2727,58_f_happy_bma12727.png
2728,58_f_neutral_bma12728.png
2729,58_f_surprised_bma12729.png
2730,58_m_angry_bma12730.png
2731,58_m_happy_bma12731.png
2732,58_m_happy_bma12732.png
2733,58_m_happy_bma12733.png
2734,58_m_happy_bma12734.png
2735,58_m_happy_bma12735.png
2736,58_m_happy_bma12736.png
2737,58_m_happy_bma12737.png
2738,58_m_happy_bma12738.png
2739,58_m_happy_bma12739.png
2740,58_m_neutral_bma12740.png
2741,58_m_neutral_bma12741.png
2742,58_m_neutral_bma12742.png
2743,58_m_surprised_bma12743.png
2744,58_m_surprised_bma12744.png
2745,58_m_surprised_bma12745.png
2746,59_angry_bma12746.png
2747,59_f_happy_bma12747.png
2748,59_f_neutral_bma12748.png
2749,59_m_angry_bma12749.png
2750,59_m_angry_bma12750.png
2751,59_m_angry_bma12751.png
2752,59_m_angry_bma12752.png
2753,59_m_angry_bma12753.png
2754,59_m_angry_bma12754.png
2755,59_m_angry_bma12755.png
2756,59_m_happy_bma12756.png
2757,59_m_happy_bma12757.png
2758,59_m_happy_bma12758.png
2759,59_m_happy_bma12759.png
2760,59_m_happy_bma12760.png
2761,59_m_happy_bma12761.png
2762,59_m_neutral_bma12762.png
2763,59_m_neutral_bma12763.png
2764,59_m_neutral_bma12764.png
2765,59_m_neutral_bma12765.png
2766,59_m_neutral_bma12766.png
2767,59_m_neutral_bma12767.png
2768,59_m_neutral_bma12768.png
2769,59_m_neutral_bma12769.png
2770,59_m_surprised_bma12770.png
2771,5_f_angry_bma12771.png
2772,5_f_angry_bma12772.png
2773,5_f_angry_bma12773.png
2774,5_f_happy_bma12774.png
2775,5_f_happy_bma12775.png
2776,5_f_happy_bma12776.png
2777,5_f_happy_bma12777.png
2778,5_f_neutral_bma12778.png
2779,5_f_neutral_bma12779.png
2780,5_f_neutral_bma12780.png
2781,5_f_neutral_bma12781.png
2782,5_f_sad_bma12782.png
2783,5_f_sad_bma12783.png
2784,5_f_sad_bma12784.png
2785,5_f_sad_bma12785.png
2786,5_f_surprised_bma12786.png
2787,5_f_surprised_bma12787.png
2788,5_m_disgusted_bma12788.png
2789,5_m_happy_bma12789.png
2790,5_m_happy_bma12790.png
2791,5_m_happy_bma12791.png
2792,5_m_happy_bma12792.png
2793,5_m_happy_bma12793.png
2794,5_m_happy_bma12794.png
2795,5_m_happy_bma12795.png
2796,5_m_happy_bma12796.png
2797,5_m_happy_bma12797.png
2798,5_m_neutral_bma12798.png
2799,5_m_neutral_bma12799.png
2800,5_m_neutral_bma12800.png
2801,5_m_neutral_bma12801.png
2802,5_m_neutral_bma12802.png
2803,5_m_neutral_bma12803.png
2804,5_m_surprised_bma12804.png
2805,5_m_surprised_bma12805.png
2806,5_m_surprised_bma12806.png
2807,5_m_surprised_bma12807.png
2808,60_f_angry_bma12808.png
2809,60_f_angry_bma12809.png
2810,60_f_angry_bma12810.png
2811,60_f_disgusted_bma12811.png
2812,60_f_happy_bma12812.png
2813,60_f_happy_bma12813.png
2814,60_f_happy_bma12814.png
2815,60_f_happy_bma12815.png
2816,60_f_happy_bma12816.png
2817,60_f_happy_bma12817.png
2818,60_f_sad_bma12818.png
2819,60_f_surprised_bma12819.png
2820,60_f_surprised_bma12820.png
2821,60_f_surprised_bma12821.png
2822,60_m_angry_bma12822.png
2823,60_m_happy_bma12823.png
2824,60_m_happy_bma12824.png
2825,60_m_happy_bma12825.png
2826,60_m_neutral_bma12826.png
2827,61_f_angry_bma12827.png
2828,61_f_angry_bma12828.png
2829,61_f_angry_bma12829.png
2830,61_f_angry_bma12830.png
2831,61_f_disgusted_bma12831.png
2832,61_f_happy_bma12832.png
2833,61_f_happy_bma12833.png
2834,61_f_happy_bma12834.png
2835,61_f_happy_bma12835.png
2836,61_f_happy_bma12836.png
2837,61_f_happy_bma12837.png
2838,61_f_happy_bma12838.png
2839,61_f_happy_bma12839.png
2840,61_f_neutral_bma12840.png
2841,61_f_neutral_bma12841.png
2842,61_f_surprised_bma12842.png
2843,61_f_surprised_bma12843.png
2844,61_f_surprised_bma12844.png
2845,61_f_surprised_bma12845.png
2846,61_m_angry_bma12846.png
2847,61_m_angry_bma12847.png
2848,61_m_angry_bma12848.png
2849,61_m_happy_bma12849.png
2850,61_m_happy_bma12850.png
2851,61_m_happy_bma12851.png
2852,61_m_happy_bma12852.png
2853,61_m_happy_bma12853.png
2854,61_m_happy_bma12854.png
2855,61_m_happy_bma12855.png
2856,61_m_neutral_bma12856.png
2857,61_m_neutral_bma12857.png
2858,61_m_neutral_bma12858.png
2859,61_m_sad_bma12859.png
2860,61_neutral_bma12860.png
2861,62_f_angry_bma12861.png
2862,62_f_angry_bma12862.png
2863,62_f_angry_bma12863.png
2864,62_f_angry_bma12864.png
2865,62_f_happy_bma12865.png
2866,62_f_happy_bma12866.png
2867,62_f_happy_bma12867.png
2868,62_f_happy_bma12868.png
2869,62_f_happy_bma12869.png
2870,62_f_happy_bma12870.png
2871,62_f_happy_bma12871.png
2872,62_f_happy_bma12872.png
2873,62_f_happy_bma12873.png
2874,62_f_neutral_bma12874.png
2875,62_f_neutral_bma12875.png
2876,62_f_neutral_bma12876.png
2877,62_f_neutral_bma12877.png
2878,62_f_neutral_bma12878.png
2879,62_f_neutral_bma12879.png
2880,62_f_sad_bma12880.png
2881,62_f_scared_bma12881.png
2882,62_f_scared_bma12882.png
2883,62_f_surprised_bma12883.png
2884,62_f_surprised_bma12884.png
2885,62_m_happy_bma12885.png
2886,62_m_neutral_bma12886.png
2887,62_m_neutral_bma12887.png
2888,62_m_neutral_bma12888.png
2889,62_m_neutral_bma12889.png
2890,62_m_surprised_bma12890.png
2891,63_f_disgusted_bma12891.png
2892,63_f_disgusted_bma12892.png
2893,63_f_happy_bma12893.png
2894,63_f_happy_bma12894.png
2895,63_f_happy_bma12895.png
2896,63_f_happy_bma12896.png
2897,63_f_happy_bma12897.png
2898,63_f_happy_bma12898.png
2899,63_f_happy_bma12899.png
2900,63_f_happy_bma12900.png
2901,63_f_happy_bma12901.png
2902,63_f_neutral_bma12902.png
2903,63_f_neutral_bma12903.png
2904,63_f_neutral_bma12904.png
2905,63_f_surprised_bma12905.png
2906,63_m_angry_bma12906.png
2907,63_m_angry_bma12907.png
2908,63_m_happy_bma12908.png
2909,63_m_happy_bma12909.png
2910,63_m_happy_bma12910.png
2911,63_m_happy_bma12911.png
2912,63_m_neutral_bma12912.png
2913,63_m_neutral_bma12913.png
2914,63_m_neutral_bma12914.png
2915,63_m_neutral_bma12915.png
2916,63_m_neutral_bma12916.png
2917,63_m_neutral_bma12917.png
2918,63_m_neutral_bma12918.png
2919,63_m_surprised_bma12919.png
2920,64_f_angry_bma12920.png
2921,64_f_disgusted_bma12921.png
2922,64_f_happy_bma12922.png
2923,64_f_happy_bma12923.png
2924,64_f_happy_bma12924.png
2925,64_f_happy_bma12925.png
2926,64_f_happy_bma12926.png
2927,64_f_happy_bma12927.png
2928,64_f_happy_bma12928.png
2929,64_f_happy_bma12929.png
2930,64_f_happy_bma12930.png
2931,64_f_happy_bma12931.png
2932,64_f_happy_bma12932.png
2933,64_f_happy_bma12933.png
2934,64_f_happy_bma12934.png
2935,64_f_happy_bma12935.png
2936,64_f_happy_bma12936.png
2937,64_f_happy_bma12937.png
2938,64_f_happy_bma12938.png
2939,64_f_happy_bma12939.png
2940,64_f_happy_bma12940.png
2941,64_f_neutral_bma12941.png
2942,64_f_neutral_bma12942.png
2943,64_f_neutral_bma12943.png
2944,64_f_neutral_bma12944.png
2945,64_f_surprised_bma12945.png
2946,64_m_angry_bma12946.png
2947,64_m_angry_bma12947.png
2948,64_m_angry_bma12948.png
2949,64_m_angry_bma12949.png
2950,64_m_angry_bma12950.png
2951,64_m_happy_bma12951.png
2952,64_m_happy_bma12952.png
2953,64_m_happy_bma12953.png
2954,64_m_happy_bma12954.png
2955,64_m_happy_bma12955.png
2956,64_m_neutral_bma12956.png
2957,64_m_neutral_bma12957.png
2958,64_m_neutral_bma12958.png
2959,64_m_neutral_bma12959.png
2960,64_m_surprised_bma12960.png
2961,65_f_angry_bma12961.png
2962,65_f_happy_bma12962.png
2963,65_f_happy_bma12963.png
2964,65_f_happy_bma12964.png
2965,65_f_happy_bma12965.png
2966,65_f_happy_bma12966.png
2967,65_f_happy_bma12967.png
2968,65_f_happy_bma12968.png
2969,65_f_happy_bma12969.png
2970,65_f_happy_bma12970.png
2971,65_f_happy_bma12971.png
2972,65_f_happy_bma12972.png
2973,65_f_happy_bma12973.png
2974,65_f_neutral_bma12974.png
2975,65_f_neutral_bma12975.png
2976,65_f_neutral_bma12976.png
2977,65_f_neutral_bma12977.png
2978,65_f_neutral_bma12978.png
2979,65_f_neutral_bma12979.png
2980,65_f_neutral_bma12980.png
2981,65_f_neutral_bma12981.png
2982,65_f_surprised_bma12982.png
2983,65_f_surprised_bma12983.png
2984,65_m_angry_bma12984.png
2985,65_m_angry_bma12985.png
2986,65_m_happy_bma12986.png
2987,65_m_happy_bma12987.png
2988,65_m_happy_bma12988.png
2989,65_m_happy_bma12989.png
2990,65_m_happy_bma12990.png
2991,65_m_happy_bma12991.png
2992,65_m_happy_bma12992.png
2993,65_m_happy_bma12993.png
2994,65_m_neutal_bma12994.png
2995,65_m_neutral_bma12995.png
2996,65_m_neutral_bma12996.png
2997,65_m_neutral_bma12997.png
2998,65_m_neutral_bma12998.png
2999,65_m_neutral_bma12999.png
3000,65_m_neutral_bma13000.png
3001,65_m_neutral_bma13001.png
3002,65_m_neutra_bma13002.png
3003,65_m_sad_bma13003.png
3004,65_m_surprised_bma13004.png
3005,65_m_surprised_bma13005.png
3006,65_m_surprised_bma13006.png
3007,65_m_surprised_bma13007.png
3008,66_f_disgusted_bma13008.png
3009,66_f_disgusted_bma13009.png
3010,66_f_happy_bma13010.png
3011,66_f_happy_bma13011.png
3012,66_f_happy_bma13012.png
3013,66_f_happy_bma13013.png
3014,66_f_happy_bma13014.png
3015,66_f_happy_bma13015.png
3016,66_f_happy_bma13016.png
3017,66_f_happy_bma13017.png
3018,66_f_happy_bma13018.png
3019,66_f_happy_bma13019.png
3020,66_f_neutral_bma13020.png
3021,66_f_surprised_bma13021.png
3022,66_m_angry_bma13022.png
3023,66_m_happy_bma13023.png
3024,66_m_happy_bma13024.png
3025,66_m_happy_bma13025.png
3026,66_m_happy_bma13026.png
3027,66_m_happy_bma13027.png
3028,66_m_neutral_bma13028.png
3029,66_m_neutral_bma13029.png
3030,66_m_neutral_bma13030.png
3031,66_m_neutral_bma13031.png
3032,66_m_sad_bma13032.png
3033,66_m_surprised_bma13033.png
3034,67_f_happy_bma13034.png
3035,67_f_happy_bma13035.png
3036,67_f_neutral_bma13036.png
3037,67_m_angry_bma13037.png
3038,67_m_angry_bma13038.png
3039,67_m_disgusted_bma13039.png
3040,67_m_happy_bma13040.png
3041,67_m_happy_bma13041.png
3042,67_m_neutral_bma13042.png
3043,67_m_neutral_bma13043.png
3044,67_m_neutral_bma13044.png
3045,67_m_neutral_bma13045.png
3046,67_m_sad_bma13046.png
3047,67_m_sad_bma13047.png
3048,67_m_surprised_bma13048.png
3049,67_m_surprised_bma13049.png
3050,68_f_happy_bma13050.png
3051,68_f_happy_bma13051.png
3052,68_f_happy_bma13052.png
3053,68_m_angry_bma13053.png
3054,68_m_disgusted_bma13054.png
3055,68_m_disgusted_bma13055.png
3056,68_m_disgusted_bma13056.png
3057,68_m_happy_bma13057.png
3058,68_m_happy_bma13058.png
3059,68_m_happy_bma13059.png
3060,68_m_happy_bma13060.png
3061,68_m_happy_bma13061.png
3062,68_m_happy_bma13062.png
3063,68_m_happy_bma13063.png
3064,68_m_neutral_bma13064.png
3065,68_m_scared_bma13065.png
3066,68_m_surprised_bma13066.png
3067,69_m_angry_bma13067.png
3068,69_m_happy_bma13068.png
3069,69_m_happy_bma13069.png
3070,69_m_happy_bma13070.png
3071,69_m_happy_bma13071.png
3072,69_m_happy_bma13072.png
3073,69_m_neutral_bma13073.png
3074,69_m_neutral_bma13074.png
3075,69_m_neutral_bma13075.png
3076,69_m_neutral_bma13076.png
3077,69_m_neutral_bma13077.png
3078,69_m_neutral_bma13078.png
3079,69_m_neutral_bma13079.png
3080,69_m_sad_bma13080.png
3081,69_m_surprised_bma13081.png
3082,69_m_surprised_bma13082.png
3083,6_f_angry_bma13083.png
3084,6_f_disgusted_bma13084.png
3085,6_f_disgusted_bma13085.png
3086,6_f_disgusted_bma13086.png
3087,6_f_happy_bma13087.png
3088,6_f_happy_bma13088.png
3089,6_f_happy_bma13089.png
3090,6_f_happy_bma13090.png
3091,6_f_happy_bma13091.png
3092,6_f_neutral_bma13092.png
3093,6_f_neutral_bma13093.png
3094,6_f_neutral_bma13094.png
3095,6_f_neutral_bma13095.png
3096,6_f_surprised_bma13096.png
3097,6_m_angry_bma13097.png
3098,6_m_angry_bma13098.png
3099,6_m_angry_bma13099.png
3100,6_m_angry_bma13100.png
3101,6_m_disgusted_bma13101.png
3102,6_m_happy_bma13102.png
3103,6_m_happy_bma13103.png
3104,6_m_happy_bma13104.png
3105,6_m_happy_bma13105.png
3106,6_m_happy_bma13106.png
3107,6_m_happy_bma13107.png
3108,6_m_happy_bma13108.png
3109,6_m_happy_bma13109.png
3110,6_m_happy_bma13110.png
3111,6_m_happy_bma13111.png
3112,6_m_neutral_bma13112.png
3113,6_m_neutral_bma13113.png
3114,6_m_neutral_bma13114.png
3115,6_m_neutral_bma13115.png
3116,6_m_sad_bma13116.png
3117,6_m_sad_bma13117.png
3118,6_m_surprised_bma13118.png
3119,6_m_surprised_bma13119.png
3120,6_m_surprised_bma13120.png
3121,6_m_surprised_bma13121.png
3122,70_f_happy_bma13122.png
3123,70_f_happy_bma13123.png
3124,70_m_disgusted_bma13124.png
3125,70_m_happy_bma13125.png
3126,70_m_happy_bma13126.png
3127,70_m_happy_bma13127.png
3128,70_m_happy_bma13128.png
3129,70_m_happy_bma13129.png
3130,70_m_happy_bma13130.png
3131,70_m_happy_bma13131.png
3132,70_m_happy_bma13132.png
3133,70_m_happy_bma13133.png
3134,70_m_happy_bma13134.png
3135,70_m_neutral_bma13135.png
3136,70_m_neutral_bma13136.png
3137,70_m_neutral_bma13137.png
3138,70_m_neutral_bma13138.png
3139,71_f_angry_bma13139.png
3140,71_f_disgusted_bma13140.png
3141,71_f_happy_bma13141.png
3142,71_f_happy_bma13142.png
3143,71_f_happy_bma13143.png
3144,71_f_happy_bma13144.png
3145,71_f_happy_bma13145.png
3146,71_f_surprised_bma13146.png
3147,71_f_surprised_bma13147.png
3148,71_m_angry_bma13148.png
3149,71_m_happy_bma13149.png
3150,71_m_happy_bma13150.png
3151,71_m_happy_bma13151.png
3152,71_m_happy_bma13152.png
3153,71_m_neutral_bma13153.png
3154,71_m_neutral_bma13154.png
3155,71_m_neutral_bma13155.png
3156,72_f_happy_bma13156.png
3157,72_m_angry_bma13157.png
3158,72_m_angry_bma13158.png
3159,72_m_angry_bma13159.png
3160,72_m_angry_bma13160.png
3161,72_m_angry_bma13161.png
3162,72_m_happy_bma13162.png
3163,72_m_happy_bma13163.png
3164,72_m_happy_bma13164.png
3165,72_m_happy_bma13165.png
3166,72_m_happy_bma13166.png
3167,72_m_happy_bma13167.png
3168,72_m_happy_bma13168.png
3169,72_m_neutral_bma13169.png
3170,72_m_neutral_bma13170.png
3171,72_m_neutral_bma13171.png
3172,72_m_sad_bma13172.png
3173,72_m_surprised_bma13173.png
3174,73_f_angry_bma13174.png
3175,73_f_happy_bma13175.png
3176,73_f_neutral_bma13176.png
3177,73_f_scared_bma13177.png
3178,73_f_surprised_bma13178.png
3179,73_m_angry_bma13179.png
3180,73_m_happy_bma13180.png
3181,73_m_neutral_bma13181.png
3182,73_m_sad_bma13182.png
3183,73_m_surprised_bma13183.png
3184,73_m_surprised_bma13184.png
3185,74_f_happy_bma13185.png
3186,74_f_happy_bma13186.png
3187,74_m_angry_bma13187.png
3188,74_m_happy_bma13188.png
3189,74_m_happy_bma13189.png
3190,74_m_neutral_bma13190.png
3191,74_m_neutral_bma13191.png
3192,74_m_scared_bma13192.png
3193,75_m_happy_bma13193.png
3194,75_m_happy_bma13194.png
3195,76_f_happy_bma13195.png
3196,76_f_sad_bma13196.png
3197,76_m_angry_bma13197.png
3198,76_m_surprised_bma13198.png
3199,76_m_surprised_bma13199.png
3200,77_m_angry_bma13200.png
3201,77_m_angry_bma13201.png
3202,77_m_happy_bma13202.png
3203,77_m_happy_bma13203.png
3204,77_m_happy_bma13204.png
3205,77_m_happy_bma13205.png
3206,77_m_surprised_bma13206.png
3207,78_m_angry_bma13207.png
3208,78_m_happy_bma13208.png
3209,78_m_happy_bma13209.png
3210,78_m_surprised_bma13210.png
3211,79_f_happy_bma13211.png
3212,79_f_happy_bma13212.png
3213,79_f_happy_bma13213.png
3214,79_f_happy_bma13214.png
3215,79_f_surprised_bma13215.png
3216,7_f_angry_bma13216.png
3217,7_f_angry_bma13217.png
3218,7_f_angry_bma13218.png
3219,7_f_angry_bma13219.png
3220,7_f_happy_bma13220.png
3221,7_f_happy_bma13221.png
3222,7_f_happy_bma13222.png
3223,7_f_happy_bma13223.png
3224,7_f_happy_bma13224.png
3225,7_f_neutral_bma13225.png
3226,7_f_neutral_bma13226.png
3227,7_f_sad_bma13227.png
3228,7_f_surprised_bma13228.png
3229,7_f_surprised_bma13229.png
3230,7_m_angry_bma13230.png
3231,7_m_angry_bma13231.png
3232,7_m_happy_bma13232.png
3233,7_m_happy_bma13233.png
3234,7_m_happy_bma13234.png
3235,7_m_happy_bma13235.png
3236,7_m_surprised_bma13236.png
3237,7_m_surprised_bma13237.png
3238,84_m_happy_bma13238.png
3239,8_f_angry_bma13239.png
3240,8_f_happy_bma13240.png
3241,8_f_happy_bma13241.png
3242,8_f_happy_bma13242.png
3243,8_f_happy_bma13243.png
3244,8_f_happy_bma13244.png
3245,8_f_happy_bma13245.png
3246,8_f_neutral_bma13246.png
3247,8_f_neutral_bma13247.png
3248,8_f_surprised_bma13248.png
3249,8_f_surprised_bma13249.png
3250,8_f_surprised_bma13250.png
3251,8_m_angry_bma13251.png
3252,8_m_angry_bma13252.png
3253,8_m_angry_bma13253.png
3254,8_m_disgusted_bma13254.png
3255,8_m_happy_bma13255.png
3256,8_m_happy_bma13256.png
3257,8_m_happy_bma13257.png
3258,8_m_happy_bma13258.png
3259,8_m_happy_bma13259.png
3260,8_m_neutral_bma13260.png
3261,8_m_neutral_bma13261.png
3262,8_m_neutral_bma13262.png
3263,8_m_sad_bma13263.png
3264,8_m_surprised_bma13264.png
3265,8_m_surprised_bma13265.png
3266,8_m_surprised_bma13266.png
3267,8_m_surprised_bma13267.png
3268,8_m_surprised_bma13268.png
3269,8_m__happy_bma13269.png
3270,9_f_angry_bma13270.png
3271,9_f_angry_bma13271.png
3272,9_f_angry_bma13272.png
3273,9_f_angry_bma13273.png
3274,9_f_happy_bma13274.png
3275,9_f_happy_bma13275.png
3276,9_f_happy_bma13276.png
3277,9_f_happy_bma13277.png
3278,9_f_happy_bma13278.png
3279,9_f_happy_bma13279.png
3280,9_f_happy_bma13280.png
3281,9_f_happy_bma13281.png
3282,9_f_happy_bma13282.png
3283,9_f_neutral_bma13283.png
3284,9_f_neutral_bma13284.png
3285,9_f_neutral_bma13285.png
3286,9_f_neutral_bma13286.png
3287,9_f_neutral_bma13287.png
3288,9_f_neutral_bma13288.png
3289,9_f_neutral_bma13289.png
3290,9_f_neutral_bma13290.png
3291,9_f_sad_bma13291.png
3292,9_f_surprised_bma13292.png
3293,9_f_surprised_bma13293.png
3294,9_f_surprised_bma13294.png
3295,9_f_surprised_bma13295.png
3296,9_f_surprised_bma13296.png
3297,9_f_surprised_bma13297.png
3298,9_f_surprised_bma13298.png
3299,9_m_angry_bma13299.png
3300,9_m_angry_bma13300.png
3301,9_m_angry_bma13301.png
3302,9_m_angry_bma13302.png
3303,9_m_disgusted_bma13303.png
3304,9_m_happy_bma13304.png
3305,9_m_happy_bma13305.png
3306,9_m_happy_bma13306.png
3307,9_m_happy_bma13307.png
3308,9_m_happy_bma13308.png
3309,9_m_happy_bma13309.png
3310,9_m_neutral_bma13310.png
3311,9_m_neutral_bma13311.png
3312,9_m_surprised_bma13312.png
3313,9_m_surprised_bma13313.png
3314,9_m_surprised_bma13314.png
3315,9_m_surprised_bma13315.png
